ProductId,diamond_gold_18k,diamond_gold_14k,diamond_plat_900,cz_gold_18k,cz_gold_14k,cz_plat_900
1,12600000,10320000,16090000,12600000,10320000,16090000
2,22140000,19390000,26370000,12930000,10180000,17160000
3,25450000,22130000,30650000,14820000,11910000,19370000
4,26630000,22240000,33060000,20820000,16980000,26440000
5,13370000,11350000,16990000,10140000,8370000,13300000
6,9500000,7950000,12310000,8210000,6660000,11020000
7,8970000,7360000,0,8320000,6720000,0
8,11190000,9310000,0,11190000,9310000,0
9,6960000,5720000,9370000,6960000,5720000,9370000
10,6930000,5720000,9330000,6930000,5720000,9330000
11,6930000,5700000,9330000,6930000,5700000,9330000
12,7890000,6400000,10590000,7890000,6400000,10590000
13,10920000,8600000,14550000,10920000,8600000,14550000
14,10830000,8530000,14440000,10830000,8530000,14440000
15,45760000,39750000,52530000,26060000,20530000,32300000
16,17900000,14590000,23080000,14550000,11660000,19080000
17,5520000,4670000,7480000,5520000,4670000,7480000
18,17910000,14270000,23040000,17910000,14270000,23040000
19,6750000,5560000,9090000,6750000,5560000,9090000
20,8130000,6570000,10900000,8130000,6570000,10900000
21,11670000,9730000,14870000,11670000,9730000,14870000
22,30380000,26410000,36320000,21240000,17580000,26700000
23,26560000,22940000,31200000,13300000,10130000,17350000
24,27540000,24690000,32170000,13320000,10830000,17380000
25,37640000,33250000,42990000,19800000,15750000,24720000
26,30980000,26920000,36980000,17160000,13610000,22410000
27,33230000,27530000,39710000,18470000,13480000,24130000
28,28240000,23680000,33720000,15620000,11630000,20410000
29,26260000,22740000,30800000,13030000,9950000,17010000
30,32850000,27740000,38820000,17140000,12670000,22360000
31,43890000,38740000,49880000,17390000,12880000,22620000
32,33520000,28890000,40180000,23440000,19180000,29570000
33,51100000,41950000,62900000,36260000,28250000,46590000
34,31350000,27370000,37300000,21280000,17610000,26760000
35,48270000,42760000,55940000,26730000,21660000,33790000
36,54860000,47570000,0,35640000,28930000,0
37,84560000,79730000,0,27310000,22860000,0
38,90580000,82500000,99170000,30340000,22900000,38260000
39,52800000,45530000,62470000,27760000,21400000,36220000
40,51710000,43360000,62630000,36270000,28570000,46320000
41,56840000,50190000,65820000,30880000,24760000,39150000
42,57070000,49710000,66820000,33010000,26230000,41990000
43,37570000,32160000,45150000,26160000,21180000,33140000
44,37490000,32000000,45130000,26410000,21350000,33450000
45,41060000,35510000,48800000,26850000,21730000,33970000
46,20580000,17260000,25790000,14690000,11790000,19250000
47,48930000,41700000,58530000,32360000,25710000,41210000
48,0,,,,,
49,27420000,24350000,32320000,18210000,15380000,22730000
50,26190000,21920000,32440000,17710000,13980000,23180000
51,27670000,22860000,0,19470000,15260000,0
52,44640000,37840000,52090000,26140000,19880000,33010000
53,0,,,,,
54,34650000,30570000,40690000,21700000,17930000,27260000
55,42340000,37490000,49260000,27230000,22760000,33610000
56,0,,,,,
57,0,,,,,
58,48980000,42580000,57670000,32530000,26630000,40540000
59,51990000,45410000,60880000,33160000,27110000,41350000
60,0,,,,,
61,41240000,34790000,50000000,27640000,21990000,35300000
62,41610000,36770000,48520000,24510000,20050000,30880000
63,58010000,50300000,68160000,36170000,29070000,45510000
64,45670000,41420000,0,20860000,17140000,0
65,68150000,61980000,76570000,24160000,18760000,31520000
66,33110000,28600000,39650000,18710000,14760000,24430000
67,39790000,34760000,46930000,25070000,20440000,31650000
68,58790000,51670000,68280000,34310000,27760000,43060000
69,59790000,53740000,68070000,27050000,21770000,34300000
70,39500000,34000000,47150000,26450000,21380000,33500000
71,51230000,45170000,59520000,28630000,23060000,36270000
72,22540000,19550000,27370000,13700000,11080000,17930000
73,23010000,20240000,27580000,12950000,10520000,16950000
74,40150000,35170000,0,27570000,22990000,0
75,36250000,33240000,40350000,16230000,13460000,20010000
76,29150000,24080000,35170000,17160000,12720000,22420000
77,33050000,30050000,37160000,16380000,13610000,20160000
78,49710000,45100000,56350000,24160000,19910000,30270000
79,40150000,35170000,47210000,27570000,22990000,34070000
80,34570000,30820000,40240000,16340000,13060000,21300000
81,25960000,23210000,30410000,12770000,10360000,16660000
82,55510000,51980000,60760000,20000000,16750000,24840000
83,34260000,26960000,42180000,22520000,16130000,29450000
84,55930000,52620000,60970000,19560000,16510000,24200000
85,49470000,40680000,60840000,32380000,24700000,42340000
86,48560000,45610000,53320000,18430000,15720000,22820000
87,31930000,26760000,39220000,23320000,18790000,29690000
88,35770000,31920000,41530000,20900000,17350000,26210000
89,36880000,31820000,44060000,25050000,20390000,31660000
90,25980000,21970000,0,18450000,14750000,0
91,86890000,78550000,97790000,39140000,31450000,49180000
92,10590000,8270000,14120000,10590000,8270000,14120000
93,24990000,21790000,29290000,16410000,13460000,20360000
94,33570000,28790000,39230000,18880000,14690000,23820000
95,35410000,31120000,41500000,21860000,17910000,27470000
96,36140000,32290000,41750000,20540000,16990000,25710000
97,31620000,28010000,37000000,19690000,16360000,24640000
98,38960000,33860000,44940000,21590000,16890000,27090000
99,37460000,30800000,44830000,25580000,19450000,32370000
100,50490000,46490000,56320000,21620000,17930000,26980000
101,25930000,23230000,30120000,12700000,9990000,16880000
102,48610000,43300000,56040000,25890000,21000000,32730000
103,19700000,17510000,23590000,11060000,9150000,14470000
104,64600000,55550000,74060000,34250000,25910000,42970000
105,87910000,81300000,96830000,33140000,27060000,41370000
106,44130000,38020000,51010000,24300000,18660000,30630000
107,63500000,58440000,70680000,20920000,16490000,27200000
108,34660000,30340000,39910000,17730000,13950000,22320000
109,49170000,43000000,0,31700000,26020000,0
110,0,,,,,
111,43240000,38550000,49990000,24010000,19690000,30230000
112,27720000,23590000,33820000,17340000,13730000,22690000
113,0,,,,,
114,42860000,37810000,49790000,27310000,22660000,33690000
115,36720000,33410000,41890000,22050000,19010000,26820000
116,44260000,39120000,51540000,28340000,23610000,35050000
117,59270000,46880000,74770000,49710000,38300000,63990000
118,102990000,94300000,114290000,42110000,34100000,52510000
119,31290000,26110000,38290000,21830000,16650000,28840000
120,35570000,31950000,41090000,16020000,12860000,20850000
121,11820000,9260000,15730000,11820000,9260000,15730000
122,21570000,18950000,25960000,12470000,10190000,16320000
123,15540000,11950000,20600000,15540000,11950000,20600000
124,37330000,31820000,45000000,24490000,19670000,31200000
125,61800000,57140000,68500000,19470000,15390000,25330000
126,43220000,37840000,50740000,26220000,21270000,33150000
127,30180000,24890000,37640000,21100000,16470000,27630000
128,43710000,40810000,48410000,13460000,10930000,17580000
129,50160000,46010000,56290000,17770000,14140000,23140000
130,38090000,31540000,45340000,23380000,17650000,29720000
131,26130000,23410000,30640000,12920000,10540000,16860000
132,50610000,44360000,59130000,29320000,23560000,37160000
133,31310000,25540000,37840000,18600000,13560000,24320000
134,36490000,32350000,42610000,21910000,18100000,27550000
135,27350000,22460000,34330000,19730000,15460000,25840000
136,11010000,8670000,14670000,11010000,8670000,14670000
137,54420000,49050000,60620000,17730000,13040000,23160000
138,23890000,21540000,27970000,12090000,10030000,15660000
139,65300000,56320000,76910000,35930000,28080000,46090000
140,44800000,41210000,50300000,20420000,17100000,25480000
141,32290000,28120000,38450000,21980000,18150000,27660000
142,39870000,34450000,47460000,26410000,21420000,33400000
143,82510000,77210000,89940000,22590000,17950000,29100000
144,42320000,37880000,48810000,26030000,21940000,32000000
145,27850000,23910000,33750000,19400000,15940000,24550000
146,58190000,49600000,69340000,39870000,31960000,50150000
147,38890000,34260000,45590000,23760000,19500000,29930000
148,97000000,85600000,111350000,48950000,38450000,62170000
149,58160000,51410000,67230000,31080000,24860000,39430000
150,37000000,29720000,44890000,27080000,20380000,34350000
151,132620000,119710000,148720000,55330000,43440000,70160000
152,0,,,,,
153,41380000,36360000,0,27820000,23190000,0
154,46940000,40590000,55610000,27480000,21920000,35050000
155,59410000,51180000,70150000,35960000,28380000,45860000
156,51380000,46650000,59170000,25110000,20970000,31920000
157,35200000,30320000,42180000,24410000,19910000,30840000
158,69650000,64930000,76430000,20250000,16130000,26180000
159,65500000,59450000,73780000,31240000,25670000,38870000
160,0,,,,,
161,31360000,27810000,36840000,20040000,16770000,25090000
162,59430000,53320000,67810000,30960000,25340000,38670000
163,59740000,52740000,67380000,28190000,21740000,35220000
164,53050000,45610000,61090000,29860000,23010000,37270000
165,53500000,48520000,59340000,26340000,21760000,31720000
166,21980000,20650000,24910000,12390000,11160000,15080000
167,30890000,26920000,36820000,21280000,17620000,26740000
168,49630000,42030000,59670000,33700000,26700000,42950000
169,21570000,19170000,0,11550000,9150000,0
170,18570000,17700000,0,6710000,5950000,0
171,17760000,16250000,0,8300000,6800000,0
172,9690000,7710000,0,9690000,7710000,0
173,20200000,18730000,0,8530000,7250000,0
174,0,,,,,
175,80090000,70860000,0,39920000,31420000,0
176,50990000,43790000,0,27470000,21170000,0
177,39090000,30550000,0,35790000,27250000,0
178,39090000,30550000,0,35790000,27250000,0
179,39090000,30550000,0,35790000,27250000,0
180,39090000,30550000,0,35790000,27250000,0
181,44960000,34820000,0,41650000,31510000,0
182,44960000,34820000,0,41650000,31510000,0
183,44960000,34820000,0,41650000,31510000,0
184,44960000,34820000,0,41650000,31510000,0
185,40530000,31590000,0,37220000,28290000,0
186,40530000,31590000,0,37220000,28290000,0
187,40530000,31590000,0,37220000,28290000,0
188,40530000,31590000,0,37220000,28290000,0
189,9210000,7420000,0,8230000,6440000,0
190,12220000,9690000,16200000,10900000,8370000,14880000
191,19660000,16260000,24780000,14750000,11770000,19230000
192,4440000,3560000,6440000,4440000,3560000,6440000
193,9150000,6980000,12610000,9150000,6980000,12610000
194,7290000,5620000,10170000,7290000,5620000,10170000
195,19970000,16350000,25510000,15890000,12720000,20740000
196,11610000,9160000,15500000,10630000,8190000,14530000
197,3920000,3840000,5150000,2020000,1940000,3240000
198,3860000,3730000,5100000,2080000,1960000,3330000
199,5010000,4150000,6130000,4320000,3460000,5440000
200,5260000,4210000,6400000,4820000,3770000,5970000
201,5730000,4790000,0,5730000,4790000,0
202,9510000,7780000,0,9050000,7310000,0
203,6600000,5350000,0,3970000,2870000,0
204,9060000,6860000,0,6790000,4870000,0
205,3810000,2780000,0,3810000,2780000,0
206,11820000,9000000,0,10380000,7560000,0
207,9690000,7620000,0,9690000,7620000,0
208,9930000,7780000,0,9930000,7780000,0
209,8610000,6850000,0,8610000,6850000,0
210,2010000,1790000,3260000,2010000,1790000,3260000
211,8860000,7750000,11520000,6230000,5260000,8560000
212,6150000,4800000,8680000,6150000,4800000,8680000
213,3780000,3050000,5600000,3780000,3050000,5600000
214,5310000,4200000,7580000,5310000,4200000,7580000
215,4740000,3750000,6830000,4740000,3750000,6830000
216,5130000,4050000,7340000,5130000,4050000,7340000
217,4110000,3050000,6010000,4110000,3050000,6010000
218,2940000,2460000,4480000,2940000,2460000,4480000
219,3000000,2490000,4560000,3000000,2490000,4560000
220,4910000,4250000,6760000,4030000,3370000,5880000
221,2280000,2000000,3610000,2280000,2000000,3610000
222,15670000,14380000,18470000,6820000,5700000,9280000
223,20610000,19180000,23580000,11170000,9860000,13910000
224,25300000,23330000,28990000,9440000,7710000,12660000
225,16510000,14560000,20160000,9160000,7450000,12360000
226,18840000,17200000,22150000,8270000,6830000,11160000
227,23930000,21890000,27670000,13490000,11610000,16930000
228,23860000,21960000,27450000,13080000,11330000,16390000
229,28760000,26070000,33230000,15760000,13270000,19870000
230,21570000,19450000,25430000,9850000,7990000,13220000
231,16980000,15240000,20390000,8510000,6990000,11480000
232,21310000,19840000,24420000,11650000,10300000,14510000
233,20530000,18430000,23830000,8270000,6430000,11150000
234,29470000,26420000,34380000,12880000,10220000,17180000
235,32860000,28280000,39510000,17740000,13720000,23550000
236,32320000,28600000,37810000,20290000,16870000,25340000
237,39060000,33820000,0,19270000,14690000,0
238,35900000,33520000,40000000,14800000,12610000,18580000
239,0,,,,,
240,33790000,31420000,37900000,14960000,12770000,18740000
241,15530000,13900000,18790000,8020000,6580000,10860000
242,0,,,,,
243,41280000,35290000,49520000,27000000,21480000,34580000
244,14400000,13030000,17380000,7210000,6010000,9810000
245,13240000,11560000,16510000,7990000,6520000,10850000
246,22360000,19750000,26740000,12760000,10480000,16600000
247,15780000,14160000,19050000,8070000,6660000,10930000
248,5640000,5170000,7310000,3460000,2990000,5130000
249,19920000,18240000,22920000,9230000,7550000,12230000
250,25760000,23000000,30310000,13320000,10900000,17300000
251,17250000,15080000,21120000,9790000,7900000,13180000
252,23300000,20320000,28120000,12530000,9920000,16750000
253,10950000,10130000,13310000,5470000,4750000,7530000
254,4590000,3680000,6640000,4590000,3680000,6640000
255,21150000,17910000,26110000,12850000,10010000,17180000
256,13260000,11700000,16410000,7700000,6330000,10450000
257,2940000,2440000,4500000,2940000,2440000,4500000
258,3450000,2810000,5150000,3450000,2810000,5150000
259,22700000,21770000,24830000,5040000,4110000,7170000
260,24060000,20770000,29230000,13480000,10590000,17990000
261,44870000,39720000,50860000,22160000,17420000,27670000
262,68830000,65580000,73140000,11840000,8990000,15600000
263,45390000,40070000,51520000,22590000,17690000,28240000
264,24950000,22230000,29450000,15510000,13000000,19650000
265,34550000,31350000,39580000,17540000,14590000,22170000
266,71200000,67900000,76380000,19030000,15980000,23800000
267,35530000,31700000,40360000,17050000,13530000,21500000
268,58610000,53610000,64480000,22250000,17650000,27650000
269,55670000,51700000,60610000,17760000,14100000,22310000
270,44440000,37820000,53380000,29150000,23060000,37390000
271,28930000,26170000,34000000,13370000,10960000,17810000
272,11490000,10790000,13510000,4620000,3930000,6640000
273,8200000,7480000,10450000,5110000,4480000,7080000
274,0,,,,,
275,11510000,10650000,13920000,5630000,4870000,7740000
276,21170000,19590000,24380000,13470000,12020000,16430000
277,9820000,7360000,13120000,8690000,6230000,11990000
278,21760000,18900000,0,11780000,9280000,0
279,42410000,37820000,49060000,22480000,18260000,28610000
280,20990000,19880000,23690000,6660000,5690000,9020000
281,8580000,6890000,0,8580000,6890000,0
282,7270000,6090000,0,5810000,4630000,0
283,15820000,14820000,0,5330000,4330000,0
284,9420000,7190000,0,9420000,7190000,0
285,6080000,4920000,0,5710000,4550000,0
286,43540000,37910000,51240000,25430000,20240000,32520000
287,31330000,28310000,36120000,19020000,16240000,23430000
288,31670000,28770000,33700000,14940000,12320000,16940000
289,25370000,23000000,28860000,13610000,11470000,15710000
290,26420000,23480000,31050000,12340000,9760000,16380000
291,40150000,38020000,43980000,10290000,8430000,13640000
292,46480000,43210000,50810000,12010000,9150000,15800000
293,32610000,28450000,38540000,19270000,15510000,23240000
294,21090000,18800000,24290000,13300000,11230000,15330000
295,27360000,24700000,31730000,11520000,9200000,15350000
296,27440000,24380000,31570000,11050000,8370000,14670000
297,18940000,15690000,24090000,13620000,10770000,18130000
298,44820000,41850000,49570000,14980000,12390000,19140000
299,44820000,41850000,49570000,14980000,12390000,19140000
300,22180000,16720000,0,16810000,12030000,0
301,22880000,20050000,0,14000000,11530000,0
302,22230000,19120000,27180000,15230000,12500000,19560000
303,33370000,29730000,38920000,21570000,18220000,26680000
304,28220000,24190000,33250000,18100000,14380000,22740000
305,32520000,26010000,41320000,26150000,20450000,33850000
306,60800000,58250000,65050000,20310000,17960000,24220000
307,13830000,11430000,18100000,12110000,9710000,16370000
308,64660000,56620000,75210000,36800000,29400000,46520000
309,20250000,17250000,25610000,16290000,13670000,20980000
310,20250000,17250000,25610000,16290000,13670000,20980000
311,25900000,22720000,0,15600000,12810000,0
312,34390000,28510000,0,24150000,19000000,0
313,26730000,21580000,0,21650000,17150000,0
314,20020000,15860000,0,19030000,14860000,0
315,26690000,21440000,0,22050000,17450000,0
316,32520000,29450000,0,15060000,12230000,0
317,19110000,14840000,0,13820000,10080000,0
318,20280000,17100000,0,11190000,8410000,0
319,32130000,28640000,0,16100000,12890000,0
320,25980000,22800000,0,11310000,8530000,0
321,26430000,23550000,0,12350000,9830000,0
322,41810000,38290000,0,12330000,9250000,0
323,29390000,25620000,0,13430000,10130000,0
324,24580000,20780000,0,12810000,9480000,0
325,22200000,20070000,27020000,11100000,9180000,15600000
326,6660000,4930000,0,6660000,4930000,0
327,20210000,17940000,0,8980000,6990000,0
328,23950000,20040000,0,13080000,9660000,0
329,22500000,20440000,0,8500000,6690000,0
330,19700000,17260000,0,9370000,7230000,0
331,27800000,25180000,0,10000000,7700000,0
332,31780000,28980000,0,10510000,8060000,0
333,6480000,4790000,0,6480000,4790000,0
334,59900000,52850000,0,30260000,23760000,0
335,35770000,31700000,0,17540000,13790000,0
336,26900000,24010000,0,10600000,8070000,0
337,17350000,15420000,0,8140000,6440000,0
338,15940000,14480000,0,6900000,5630000,0
339,18910000,16920000,0,8250000,6510000,0
340,47070000,44220000,0,19180000,16560000,0
341,30070000,25120000,0,15770000,11440000,0
342,23800000,19780000,0,13370000,9850000,0
343,31170000,26900000,0,15850000,12110000,0
344,26730000,23030000,0,12610000,9370000,0
345,48830000,43460000,0,25640000,20700000,0
346,7350000,5380000,0,7350000,5380000,0
347,9450000,6730000,0,9450000,6730000,0
348,41150000,37160000,0,16480000,12980000,0
349,38610000,36200000,0,11290000,9180000,0
350,26130000,24220000,0,9490000,7820000,0
351,12110000,9860000,15020000,11830000,9580000,14370000
352,15890000,12520000,20730000,15610000,12240000,20450000
353,8610000,6700000,11310000,8610000,6700000,11310000
354,15110000,12140000,0,14690000,11720000,0
355,9720000,7430000,12760000,9720000,7430000,12760000
356,18420000,12580000,24600000,18420000,12580000,24600000
357,14340000,10420000,18810000,14340000,10420000,18810000
358,9700000,7880000,11750000,9700000,7880000,11750000
359,10080000,7160000,13680000,10080000,7160000,13680000
360,18920000,15100000,24380000,17830000,14000000,23290000
361,14100000,10980000,18550000,14100000,10980000,18550000
362,14090000,11250000,18410000,13270000,10440000,17140000
363,9480000,6760000,12890000,9480000,6760000,12890000
364,12690000,9370000,16650000,12690000,9370000,16650000
365,12540000,9250000,16450000,12540000,9250000,16450000
366,6690000,4930000,9240000,6690000,4930000,9240000
367,12290000,9970000,15950000,11910000,9590000,15570000
368,13860000,10120000,0,13860000,10120000,0
369,10880000,7880000,14640000,10440000,7440000,14200000
370,12630000,9930000,16600000,12630000,9930000,16600000
371,20980000,17350000,26440000,16370000,13200000,21160000
372,10740000,8080000,14100000,10740000,8080000,14100000
373,8940000,6650000,12110000,8510000,6220000,11680000
374,15720000,12130000,20670000,15720000,12130000,20670000
375,33170000,27130000,41240000,23830000,18550000,30900000
376,11670000,8630000,15480000,10630000,7590000,14440000
377,21170000,17910000,23590000,15890000,12940000,18260000
378,40020000,34570000,47650000,27720000,22700000,34740000
379,46040000,39530000,55150000,32060000,26070000,40460000
380,20870000,17650000,26530000,17150000,14330000,22110000
381,17620000,14050000,23420000,17050000,13480000,22850000
382,28420000,23860000,35030000,19910000,15930000,25700000
383,42730000,36130000,51640000,31500000,25430000,39720000
384,25800000,20260000,33200000,24230000,18690000,31620000
385,14130000,10740000,19290000,14130000,10740000,19290000
386,16420000,12970000,20970000,15430000,11980000,19970000
387,23130000,18610000,29560000,19130000,15170000,24760000
388,19950000,13860000,26150000,19950000,13860000,26150000
389,18120000,14050000,24160000,18120000,14050000,24160000
390,15020000,11880000,19710000,14350000,11200000,18540000
391,20140000,14130000,26600000,19190000,13180000,25650000
392,24930000,18760000,32850000,23570000,17400000,31490000
393,18030000,13560000,23130000,16660000,12180000,21760000
394,25690000,20510000,32490000,20140000,14960000,26940000
395,26310000,21280000,31880000,16430000,11410000,22010000
396,31570000,26730000,38720000,19490000,15250000,25740000
397,19880000,16430000,25130000,13760000,10740000,18360000
398,30250000,26630000,35630000,14450000,11280000,19160000
399,21390000,18020000,25840000,16640000,13600000,19780000
400,21690000,18750000,25470000,16730000,14080000,20350000
401,19710000,15420000,0,18890000,14600000,0
402,27520000,21450000,35370000,23380000,17310000,31230000
403,27510000,21590000,35200000,22780000,16870000,30470000
404,41690000,36940000,45700000,21830000,17550000,25720000
405,26170000,19730000,33310000,19260000,13630000,25510000
406,27010000,22410000,32210000,17230000,12630000,22440000
407,32570000,26470000,40730000,22020000,16690000,29160000
408,23100000,17070000,29890000,18240000,12970000,24190000
409,17160000,12380000,22490000,15580000,10800000,20910000
410,43380000,37860000,49700000,21860000,16780000,27680000
411,34620000,27810000,42110000,24890000,18620000,31790000
412,14440000,10480000,19080000,13290000,9330000,17930000
413,31570000,24860000,38950000,20200000,14330000,26650000
414,19310000,14350000,24830000,18030000,13070000,23560000
415,71290000,58750000,83850000,40700000,29150000,52260000
416,26830000,22260000,33310000,17260000,13260000,22930000
417,43590000,35940000,51810000,27360000,20320000,34940000
418,25490000,20480000,32430000,18510000,14130000,24580000
419,52110000,43750000,60960000,29400000,21710000,37550000
420,26440000,20740000,32930000,17580000,12580000,23260000
421,27750000,20490000,35610000,21320000,14970000,28200000
422,59060000,51320000,69030000,36590000,29460000,45770000
423,20100000,14180000,26460000,18870000,12950000,25220000
424,13720000,10950000,17890000,12970000,10210000,16700000
425,17910000,13320000,23100000,16960000,12370000,22150000
426,13430000,10550000,17720000,12040000,9160000,16330000
427,26180000,22060000,32150000,15880000,12270000,21100000
428,28310000,23440000,35120000,18160000,13910000,24120000
429,28310000,23440000,35120000,18160000,13910000,24120000
430,37770000,26510000,47550000,29240000,19390000,37810000
431,22790000,19460000,27230000,16510000,13500000,19570000
432,28000000,22360000,34450000,17430000,12490000,23080000
433,15910000,12280000,20560000,12170000,8990000,16230000
434,22970000,17960000,28870000,17810000,13420000,22970000
435,24590000,18720000,31230000,17860000,12710000,23660000
436,17690000,13610000,22750000,13340000,9760000,17760000
437,16530000,11670000,21960000,15850000,10980000,21280000
438,21520000,17760000,26300000,12690000,9410000,16880000
439,63480000,56470000,72650000,36550000,30090000,45000000
440,51120000,44840000,58120000,28180000,22400000,34640000
441,22430000,18660000,27660000,17230000,13460000,22460000
442,49770000,40130000,62100000,36200000,27770000,46990000
443,29460000,24670000,36230000,20070000,15880000,25990000
444,37400000,30320000,45120000,25760000,19240000,32870000
445,25260000,20890000,31570000,18720000,14900000,24240000
446,22120000,16120000,28560000,20990000,14990000,27430000
447,22320000,17090000,29260000,22320000,17090000,29260000
448,25920000,19830000,33970000,25920000,19830000,33970000
449,23580000,19550000,29420000,17650000,14120000,22760000
450,23580000,19550000,29420000,17650000,14120000,22760000
451,47960000,40700000,0,33860000,27180000,0
452,19330000,15240000,0,18230000,14140000,0
453,27740000,23320000,0,19500000,15630000,0
454,47760000,41380000,56410000,30850000,24980000,38820000
455,23090000,17650000,30130000,22910000,17470000,29940000
456,24730000,19530000,32680000,23990000,18790000,31930000
457,21890000,17060000,28330000,20760000,15930000,27200000
458,19410000,15800000,24510000,14680000,11070000,19790000
459,29860000,24710000,35850000,16170000,11660000,21400000
460,30380000,22440000,39110000,23760000,16820000,31400000
461,22750000,17860000,29060000,21220000,16330000,26810000
462,40360000,33740000,49060000,30480000,24380000,38500000
463,18500000,14890000,23840000,16010000,12400000,20740000
464,13410000,9330000,18040000,13410000,9330000,18040000
465,29430000,24200000,0,18850000,13620000,0
466,39240000,33380000,47190000,21360000,16240000,28320000
467,33160000,26390000,42170000,24120000,18190000,32000000
468,33160000,26390000,42170000,24120000,18190000,32000000
469,34630000,28520000,41510000,25310000,19670000,31640000
470,26140000,20660000,33620000,19970000,15170000,26520000
471,33310000,25260000,0,26920000,18860000,0
472,34800000,29670000,41950000,19110000,14610000,25360000
473,50510000,42300000,61270000,34790000,27230000,44700000
474,45350000,39220000,53600000,29130000,23480000,36720000
475,26850000,21470000,34390000,20400000,15690000,26990000
476,40290000,33780000,48910000,28040000,22040000,35980000
477,22620000,17090000,29750000,22620000,17090000,29750000
478,29950000,24060000,37860000,23310000,18150000,30220000
479,56030000,51880000,62050000,23300000,19480000,28840000
480,63510000,56800000,70910000,22620000,16740000,29080000
481,35400000,27650000,43730000,27420000,20280000,35100000
482,34900000,25060000,43660000,24270000,15650000,31930000
483,23040000,18960000,28930000,15650000,12070000,20800000
484,49690000,36710000,62650000,35840000,24480000,47170000
485,8820000,6780000,0,8820000,6780000,0
486,17120000,13640000,0,16030000,12550000,0
487,9130000,7170000,0,8810000,6840000,0
488,23820000,20990000,0,12070000,9240000,0
489,13720000,10440000,0,13470000,10190000,0
490,12660000,10180000,0,12410000,9930000,0
491,10190000,7890000,0,9940000,7650000,0
492,10490000,8740000,0,9910000,8170000,0
493,5280000,4300000,0,5280000,4300000,0
494,11530000,9620000,0,10790000,8880000,0
495,34780000,30170000,0,19660000,15630000,0
496,20740000,19200000,23890000,10110000,8760000,12870000
497,25520000,22740000,27400000,14410000,11910000,16280000
498,17580000,15460000,0,11600000,9480000,0
499,25660000,20440000,32570000,22250000,17020000,29150000
500,28950000,23660000,35100000,16600000,11970000,21980000
501,34530000,29030000,0,22290000,17480000,0
502,36520000,30220000,44980000,22820000,17300000,30220000
503,32640000,27140000,40000000,22330000,17520000,28770000
504,39790000,33280000,47000000,24300000,18290000,30930000
505,30960000,26620000,37180000,18750000,14960000,24200000
506,16860000,13270000,0,16380000,12790000,0
507,43370000,39880000,0,23040000,19830000,0
508,21730000,17200000,27980000,20360000,15820000,26600000
509,13650000,9470000,18350000,13650000,9470000,18350000
510,34240000,30320000,0,19710000,16100000,0
511,23150000,19050000,29080000,16050000,12460000,21240000
512,36650000,32080000,43080000,24010000,19800000,29930000
513,21450000,17460000,25860000,18140000,14540000,22350000
514,22060000,18090000,27860000,15590000,12120000,20670000
515,20820000,17250000,26200000,14410000,11290000,19120000
516,19550000,15000000,25040000,14840000,10850000,19630000
517,25110000,20210000,30880000,17530000,13250000,22590000
518,27670000,20120000,34530000,20580000,13980000,26580000
519,28480000,25130000,33300000,17420000,14330000,21860000
520,0,,,,,
521,39290000,35390000,45170000,22660000,19060000,28070000
522,28270000,24490000,33980000,17440000,14130000,22430000
523,23040000,19150000,28710000,15460000,12060000,20420000
524,13520000,10730000,17780000,13520000,10730000,17780000
525,13060000,10400000,17180000,13060000,10400000,17180000
526,12220000,9660000,16090000,12220000,9660000,16090000
527,12220000,9660000,16090000,12220000,9660000,16090000
528,12120000,9140000,16390000,12120000,9140000,16390000
529,22740000,20430000,25330000,13000000,10910000,15500000
530,24950000,21980000,28220000,14990000,12310000,18130000
531,24090000,20690000,27860000,16360000,13300000,19970000
532,,,,,,
533,62690000,59420000,67520000,18680000,15730000,23280000
534,9900000,7550000,13440000,9900000,7550000,13440000
535,10410000,8340000,13660000,10410000,8340000,13660000
536,19690000,16680000,23030000,15060000,12340000,18260000
537,32360000,29510000,35480000,15790000,13220000,18800000
538,31400000,26950000,37680000,21680000,17580000,27460000
539,0,,,,,
540,36110000,31810000,42230000,21380000,17410000,27020000
541,,,,,,
542,52160000,44230000,62580000,34240000,26930000,43830000
543,19640000,16470000,23160000,15610000,12740000,18980000
544,36350000,31910000,42800000,22400000,18310000,28340000
545,22120000,18970000,27130000,13630000,10870000,18010000
546,30650000,24220000,39100000,25040000,19410000,32440000
547,23490000,19150000,29670000,18600000,14800000,24000000
548,18580000,14730000,24260000,15190000,11820000,20160000
549,,,,,,
550,13130000,10320000,17330000,13130000,10320000,17330000
551,13550000,10630000,17880000,13550000,10630000,17880000
552,11730000,8890000,15910000,11730000,8890000,15910000
553,28830000,25960000,33400000,16650000,14010000,20860000
554,10800000,8210000,14620000,10800000,8210000,14620000
555,26870000,23160000,32320000,14970000,11730000,19750000
556,13460000,10550000,17750000,13460000,10550000,17750000
557,54020000,46600000,63610000,31900000,25080000,40740000
558,21700000,18040000,25790000,17160000,13850000,21060000
559,57850000,52710000,65080000,29030000,24300000,35690000
560,34730000,30090000,40280000,21520000,17250000,26630000
561,55940000,51790000,62080000,25860000,22030000,31500000
562,31960000,28040000,36870000,17800000,14190000,22320000
563,29730000,25260000,36080000,21700000,17580000,27550000
564,39840000,33740000,46710000,25510000,19880000,31830000
565,20110000,16780000,25240000,13730000,10820000,18220000
566,11660000,9280000,15410000,11660000,9280000,15410000
567,10530000,8020000,14330000,10530000,8020000,14330000
568,22220000,19600000,27130000,14680000,12310000,19300000
569,24610000,21150000,28410000,16530000,13400000,20170000
570,25030000,20680000,31290000,16900000,13100000,22380000
571,39600000,35050000,45070000,19680000,15490000,24720000
572,21540000,17270000,26760000,14160000,10420000,18720000
573,23880000,21130000,28330000,16170000,13640000,20270000
574,12760000,10860000,15790000,12400000,10500000,15040000
575,10890000,8760000,14290000,10890000,8760000,14290000
576,25750000,22740000,30610000,17480000,14710000,21950000
577,10700000,8600000,14170000,9790000,7700000,13260000
578,12940000,10460000,0,12450000,9960000,0
579,12770000,10070000,16840000,12770000,10070000,16840000
580,13210000,10630000,17890000,13210000,10630000,17890000
581,11760000,9350000,15510000,11760000,9350000,15510000
582,13260000,10400000,17390000,13260000,10400000,17390000
583,27190000,23200000,33540000,16330000,12840000,21890000
584,34430000,29980000,0,23620000,19520000,0
585,47890000,41680000,56080000,27680000,21960000,35220000
586,11100000,8830000,14570000,11100000,8830000,14570000
587,,,,,,
588,33820000,29750000,39880000,16650000,13080000,21950000
589,,,,,,
590,29160000,23350000,37200000,22130000,17050000,29170000
591,11520000,8720000,15580000,11520000,8720000,15580000
592,23340000,19880000,28710000,14620000,11590000,19320000
593,27890000,23770000,33860000,17990000,14380000,23210000
594,14210000,11590000,18750000,13260000,10640000,17800000
595,13480000,10550000,17860000,12530000,9600000,16910000
596,14810000,11550000,19550000,13660000,10400000,18400000
597,25510000,22110000,30680000,14030000,11050000,18560000
598,14770000,11700000,19350000,13390000,10320000,17980000
599,21370000,17550000,0,17910000,14080000,0
600,38820000,31750000,0,27060000,20870000,0
601,10830000,8230000,14660000,10830000,8230000,14660000
602,27110000,21340000,0,24920000,19150000,0
603,13940000,10860000,0,12990000,9910000,0
604,46990000,40320000,55780000,29070000,22930000,37160000
605,32070000,27930000,38190000,18700000,15080000,24060000
606,17430000,14030000,23770000,16790000,13390000,22550000
607,24290000,20860000,29510000,15860000,12860000,20420000
608,17070000,14420000,21780000,13690000,11370000,17810000
609,27100000,23180000,31470000,18050000,14520000,22220000
610,37500000,33710000,43040000,19750000,16260000,24850000
611,27020000,22170000,33950000,19020000,14780000,25080000
612,30020000,26450000,35400000,14660000,11540000,19370000
613,35680000,31010000,42210000,22480000,18180000,28490000
614,39160000,33150000,47160000,26910000,21370000,34280000
615,25000000,20970000,30890000,15960000,12430000,21110000
616,35840000,31630000,0,23430000,19550000,0
617,29130000,24540000,34610000,19330000,15110000,24380000
618,31650000,25960000,38110000,22190000,16950000,28140000
619,52930000,48040000,59910000,29880000,25380000,36310000
620,35490000,29910000,41890000,23970000,18840000,29860000
621,44720000,41490000,49660000,22100000,19130000,26650000
622,27480000,23240000,33690000,18800000,15090000,24240000
623,46110000,42170000,51990000,24760000,21130000,30180000
624,23390000,20430000,28090000,14550000,11960000,18660000
625,25030000,22000000,29780000,14730000,12070000,18890000
626,27070000,23700000,32210000,15810000,12860000,20310000
627,31800000,29050000,36600000,12540000,10130000,16740000
628,56780000,54760000,60860000,11870000,10100000,15440000
629,18330000,15170000,23220000,13190000,10430000,17470000
630,24900000,21360000,30370000,16690000,13590000,21480000
631,21840000,18940000,26420000,12380000,9840000,16390000
632,56140000,51470000,62780000,26960000,22660000,33080000
633,12150000,9580000,0,12150000,9580000,0
634,11780000,9710000,0,11020000,8950000,0
635,15910000,13090000,20830000,12430000,9960000,16730000
636,12560000,10190000,0,12150000,9780000,0
637,9640000,7740000,0,9150000,7240000,0
638,14930000,11940000,0,14290000,11290000,0
639,11670000,9230000,15380000,11670000,9230000,15380000
640,12000000,9480000,0,12000000,9480000,0
641,20440000,16900000,25780000,14290000,11190000,18970000
642,24510000,20800000,29980000,14900000,11650000,19680000
643,23000000,19310000,28510000,14800000,11560000,19620000
644,32110000,27760000,38300000,21430000,17410000,27120000
645,23240000,19450000,28760000,15050000,11740000,19880000
646,24250000,20770000,28090000,16590000,13450000,20260000
647,39740000,35980000,43900000,18780000,15390000,22770000
648,37270000,33120000,43790000,21410000,17590000,27420000
649,36580000,32370000,42790000,21600000,17720000,27320000
650,42030000,39030000,45340000,16470000,13760000,19650000
651,35610000,31470000,41730000,23110000,19300000,28740000
652,24500000,20540000,30310000,15640000,12170000,20720000
653,27320000,22860000,33610000,17280000,13370000,22780000
654,22580000,19030000,28010000,14790000,11680000,19540000
655,19460000,16430000,24220000,12850000,10200000,17010000
656,21440000,18530000,26730000,14330000,11790000,18960000
657,20950000,17190000,26480000,15030000,11740000,19870000
658,36560000,31440000,42570000,20890000,16170000,26430000
659,29380000,24920000,35670000,19080000,15170000,24580000
660,41650000,37360000,47790000,21470000,17520000,27120000
661,27010000,24710000,31060000,15110000,12990000,18840000
662,30750000,27880000,35320000,16720000,14070000,20920000
663,32140000,27570000,37400000,14430000,10430000,19020000
664,38110000,33370000,44930000,23420000,19050000,29700000
665,27130000,24180000,0,16800000,14080000,0
666,51200000,45330000,59280000,22400000,17260000,29470000
667,47490000,42890000,54010000,26440000,22210000,32450000
668,31300000,27630000,35520000,12070000,8400000,16290000
669,24990000,21030000,30900000,16140000,12670000,21300000
670,17820000,14730000,22440000,13550000,10460000,18160000
671,15790000,13140000,19780000,11510000,8870000,15500000
672,33640000,30380000,38750000,13990000,11140000,18460000
673,35770000,32100000,40900000,15160000,11490000,20300000
674,37270000,33090000,43460000,21430000,17580000,27130000
675,43000000,38070000,50030000,24040000,19500000,30520000
676,37600000,34090000,43030000,14970000,11890000,19720000
677,47090000,41900000,54280000,24440000,19670000,31070000
678,24070000,20850000,28830000,14050000,10830000,18810000
679,43160000,39730000,48100000,14470000,11040000,19410000
680,9120000,7090000,12420000,9120000,7090000,12420000
681,11520000,9130000,15120000,11520000,9130000,15120000
682,11940000,9530000,15670000,11940000,9530000,15670000
683,18270000,15320000,23050000,14640000,12060000,18820000
684,29500000,23950000,37000000,22410000,17550000,28970000
685,26830000,23260000,32340000,19430000,16130000,24500000
686,11010000,8850000,14450000,11010000,8850000,14450000
687,18070000,15190000,22780000,12720000,10210000,16850000
688,9120000,7110000,12420000,9120000,7110000,12420000
689,25700000,22230000,30910000,14100000,11060000,18660000
690,26940000,23130000,32540000,15190000,11850000,20080000
691,33450000,30450000,36840000,16670000,13960000,19940000
692,37580000,32710000,44550000,23840000,19350000,30260000
693,63430000,56800000,72010000,29300000,23190000,37200000
694,31250000,27430000,37010000,15880000,12540000,20920000
695,30860000,27300000,36200000,18890000,15600000,23810000
696,10650000,8090000,14450000,10650000,8090000,14450000
697,37360000,33480000,41660000,19140000,15640000,23260000
698,28870000,25710000,33910000,17970000,15050000,22610000
699,9150000,7110000,12460000,9150000,7110000,12460000
700,28970000,26730000,32940000,14970000,12900000,18630000
701,35460000,31360000,41530000,16830000,13240000,22130000
702,18370000,14400000,23000000,13850000,9890000,18490000
703,10950000,8330000,14870000,10950000,8330000,14870000
704,17360000,13260000,23090000,17110000,13010000,22840000
705,10080000,8050000,13490000,9580000,7550000,12990000
706,12210000,9720000,0,12210000,9720000,0
707,29300000,26580000,33790000,16480000,13980000,20610000
708,36910000,32470000,43340000,22260000,18170000,28180000
709,28290000,24300000,34230000,18090000,14600000,23290000
710,34870000,30820000,40890000,16610000,13080000,21890000
711,45010000,40510000,51540000,24520000,20380000,30530000
712,37620000,32580000,44760000,26120000,21490000,32700000
713,0,,,,,
714,35740000,30320000,43330000,21040000,16300000,27690000
715,40910000,35670000,48250000,24970000,20150000,31730000
716,30160000,25340000,36980000,22900000,18460000,29170000
717,52130000,44980000,61470000,30480000,23900000,39080000
718,22820000,18440000,29680000,22350000,17970000,29210000
719,21550000,18730000,30060000,21550000,18730000,30060000
720,23440000,18410000,29910000,21620000,16580000,27330000
721,21560000,16500000,28260000,19710000,14650000,26410000
722,18330000,13590000,24540000,18330000,13590000,24540000
723,14490000,10730000,18950000,12750000,8990000,17210000
724,22630000,17150000,28730000,22630000,17150000,28730000
725,16550000,11570000,21570000,16550000,11570000,21570000
726,25160000,19610000,32390000,23310000,17760000,30540000
727,32430000,21710000,42940000,32430000,21710000,42940000
728,20000000,13780000,26420000,19060000,12840000,25470000
729,25440000,20190000,32370000,20480000,15230000,27420000
730,23600000,17660000,0,18040000,12850000,0
731,19980000,15630000,0,19150000,14800000,0
732,11340000,9090000,15080000,11340000,9090000,15080000
733,17100000,13090000,23120000,16550000,12550000,22580000
734,50630000,44720000,57300000,27570000,22130000,33720000
735,10560000,8380000,14060000,9530000,7360000,13030000
736,12040000,9660000,16070000,10640000,8250000,14670000
737,15210000,12200000,19960000,14710000,11700000,19460000
738,17140000,12350000,0,16230000,11440000,0
739,35690000,28540000,45030000,27610000,21350000,35780000
740,24360000,18560000,0,24360000,18560000,0
741,31920000,24370000,0,31450000,23900000,0
742,24380000,19350000,0,22240000,17220000,0
743,22800000,17820000,0,22050000,17070000,0
744,28440000,21740000,0,26490000,19780000,0
745,15830000,12530000,20070000,15550000,12250000,19300000
746,19690000,15300000,25680000,19210000,14820000,25200000
747,12270000,9090000,16100000,12270000,9090000,16100000
748,19180000,15110000,0,18750000,14680000,0
749,11760000,8760000,15430000,11760000,8760000,15430000
750,31980000,21430000,42350000,31980000,21430000,42350000
751,20070000,14190000,26310000,20070000,14190000,26310000
752,20180000,15390000,25510000,20180000,15390000,25510000
753,13380000,9170000,18000000,13380000,9170000,18000000
754,27690000,21000000,36290000,27690000,21000000,36290000
755,20340000,15060000,27230000,20340000,15060000,27230000
756,14090000,11250000,18410000,13270000,10440000,17140000
757,13440000,9360000,18080000,13440000,9360000,18080000
758,15780000,11380000,20690000,15780000,11380000,20690000
759,14220000,9870000,19100000,14220000,9870000,19100000
760,15900000,10950000,21300000,15900000,10950000,21300000
761,13410000,10490000,17620000,13410000,10490000,17620000
762,21450000,15080000,0,21450000,15080000,0
763,14700000,10170000,19730000,14700000,10170000,19730000
764,19200000,14630000,25240000,19200000,14630000,25240000
765,14280000,11120000,18780000,14280000,11120000,18780000
766,12630000,9320000,16570000,12630000,9320000,16570000
767,11400000,8020000,15400000,11400000,8020000,15400000
768,22890000,17280000,30100000,22890000,17280000,30100000
769,33620000,26730000,42700000,26460000,20440000,34410000
770,12540000,8750000,16900000,12540000,8750000,16900000
771,19650000,15080000,25740000,19650000,15080000,25740000
772,0,,,,,
773,22650000,18200000,28880000,18720000,14820000,24160000
774,15100000,12190000,19450000,14030000,11120000,18380000
775,16820000,13230000,0,16410000,12820000,0
776,12510000,10130000,16240000,12080000,9700000,15810000
777,13500000,10680000,17980000,13500000,10680000,17980000
778,17300000,13170000,23450000,16980000,12850000,23130000
779,13170000,9920000,17790000,13170000,9920000,17790000
780,0,,,,,
781,18680000,14760000,24600000,18150000,14240000,24080000
782,18440000,14690000,0,17530000,13780000,0
783,0,,,,,
784,20240000,15800000,26600000,18930000,14500000,24640000
785,24990000,17540000,32730000,23340000,15890000,31080000
786,32800000,24710000,42880000,30410000,22320000,40490000
787,20300000,15040000,26100000,18930000,13670000,24730000
788,29990000,23610000,38170000,24440000,18060000,32620000
789,52200000,44580000,60070000,23950000,16330000,31820000
790,26510000,20450000,35050000,24180000,18120000,32730000
791,18510000,13730000,24710000,18510000,13730000,24710000
792,20820000,15510000,27790000,20570000,15260000,27540000
793,22410000,16970000,28430000,22410000,16970000,28430000
794,22950000,17250000,29730000,22950000,17250000,29730000
795,27780000,21220000,0,26830000,20270000,0
796,27780000,21220000,0,26830000,20270000,0
797,39970000,32000000,49920000,30100000,22120000,40050000
798,24630000,18130000,32850000,24630000,18130000,32850000
799,26150000,17500000,33930000,26150000,17500000,33930000
800,21200000,14730000,28040000,20420000,13950000,27260000
801,45620000,37130000,54280000,28530000,20050000,37190000
802,23910000,17850000,32340000,23910000,17850000,32340000
803,34920000,25180000,45020000,27610000,19080000,36440000
804,16920000,11630000,22630000,16920000,11630000,22630000
805,45560000,36980000,54640000,29810000,21900000,38170000
806,28180000,19540000,36970000,26730000,18100000,35520000
807,25270000,17850000,32960000,23210000,15790000,30900000
808,29210000,20730000,37860000,26450000,17970000,35090000
809,26530000,19430000,33940000,24150000,17040000,31550000
810,43970000,31060000,56540000,39010000,26100000,51580000
811,19080000,14150000,25560000,19080000,14150000,25560000
812,19920000,13570000,26560000,19920000,13570000,26560000
813,20500000,15410000,27270000,19810000,14720000,26590000
814,21330000,13080000,28400000,21330000,13080000,28400000
815,24230000,17290000,31520000,21990000,15050000,29280000
816,39270000,28340000,50410000,30610000,21050000,40360000
817,25050000,18430000,33410000,25050000,18430000,33410000
818,34940000,23720000,46020000,34120000,22890000,45200000
819,18580000,14470000,24560000,17840000,13720000,23200000
820,19180000,14120000,24760000,18230000,13170000,23810000
821,13500000,10150000,18210000,13500000,10150000,18210000
822,14040000,10530000,18900000,14040000,10530000,18900000
823,20390000,15280000,27160000,19910000,14800000,26690000
824,30270000,22570000,39780000,30270000,22570000,39780000
825,20840000,15850000,26390000,20840000,15850000,26390000
826,18330000,12540000,24480000,18330000,12540000,24480000
827,13350000,9290000,17960000,13350000,9290000,17960000
828,14340000,9940000,19250000,14340000,9940000,19250000
829,18090000,12370000,24160000,18090000,12370000,24160000
830,11580000,8140000,15640000,11580000,8140000,15640000
831,24360000,16900000,32070000,23260000,15800000,30980000
832,13840000,10030000,18350000,12860000,9040000,17360000
833,22650000,17110000,29810000,22650000,17110000,29810000
834,18030000,12330000,24080000,18030000,12330000,24080000
835,19200000,14630000,25240000,19200000,14630000,25240000
836,18960000,14630000,25270000,18960000,14630000,25270000
837,18930000,13040000,24880000,18930000,13040000,24880000
838,38010000,28020000,48320000,30310000,21560000,39320000
839,21790000,16650000,28620000,20050000,14920000,26890000
840,25970000,18590000,33600000,24840000,17460000,32470000
841,17370000,13320000,22850000,17370000,13320000,22850000
842,20220000,14210000,26580000,20220000,14210000,26580000
843,19710000,14070000,26250000,19710000,14070000,26250000
844,31920000,24320000,0,31540000,23950000,0
845,35550000,26810000,0,29930000,22290000,0
846,25830000,20590000,0,23050000,17800000,0
847,32640000,24580000,42770000,32640000,24580000,42770000
848,19800000,15450000,25720000,19050000,14710000,24970000
849,24490000,18920000,0,23390000,17830000,0
850,17830000,13920000,23260000,17510000,13600000,22940000
851,18690000,13850000,25020000,18690000,13850000,25020000
852,26160000,17640000,34730000,26160000,17640000,34730000
853,19650000,14550000,26300000,19650000,14550000,26300000
854,29950000,23210000,38610000,27630000,20890000,35320000
855,25470000,19130000,33510000,25470000,19130000,33510000
856,26310000,19640000,34120000,26310000,19640000,34120000
857,18180000,12440000,24280000,18180000,12440000,24280000
858,32660000,26300000,0,22080000,15720000,0
859,34430000,27910000,42710000,24820000,18300000,33090000
860,20730000,15530000,28100000,20730000,15530000,28100000
861,37800000,30820000,45430000,27580000,21140000,34600000
862,19020000,14110000,25470000,19020000,14110000,25470000
863,38110000,28400000,0,31720000,22010000,0
864,26020000,19930000,34630000,24290000,18200000,32900000
865,54500000,45410000,66260000,37820000,29450000,48660000
866,41910000,33860000,52260000,30060000,23010000,39110000
867,28150000,21460000,36840000,26420000,19730000,35110000
868,71820000,61900000,84180000,43840000,34710000,55230000
869,32280000,23990000,42290000,32280000,23990000,42290000
870,23100000,17420000,30370000,23100000,17420000,30370000
871,14760000,11450000,19440000,14760000,11450000,19440000
872,85780000,74480000,97260000,34840000,24950000,44890000
873,50120000,38170000,62190000,38570000,27560000,49680000
874,24330000,18310000,31990000,24330000,18310000,31990000
875,0,,,,,
876,49690000,36710000,62650000,35840000,24480000,47170000
877,10290000,7860000,0,10290000,7860000,0
878,23610000,18600000,0,21470000,16460000,0
879,13990000,10630000,0,13710000,10350000,0
880,13670000,10420000,0,13340000,10090000,0
881,16520000,12440000,0,16270000,12200000,0
882,14010000,10910000,0,14010000,10910000,0
883,22290000,16630000,0,22040000,16380000,0
884,14220000,11560000,0,13130000,10470000,0
885,12150000,9290000,0,12150000,9290000,0
886,14400000,11310000,0,14400000,11310000,0
887,27430000,20890000,0,26750000,20200000,0
888,27430000,20890000,0,26750000,20200000,0
889,26140000,20260000,33730000,22670000,16790000,30260000
890,19910000,15060000,25740000,19910000,15060000,25740000
891,20480000,15570000,27160000,19950000,15050000,26640000
892,36170000,28810000,45430000,29710000,22350000,38970000
893,15630000,10780000,20940000,15630000,10780000,20940000
894,55700000,47290000,0,36740000,29000000,0
895,34440000,28040000,42650000,24570000,18170000,32780000
896,25380000,19990000,32970000,23420000,18030000,31010000
897,32550000,21800000,43090000,32550000,21800000,43090000
898,42830000,36400000,51410000,25270000,19640000,32780000
899,19670000,15380000,0,18920000,14630000,0
900,21210000,16060000,0,21210000,16060000,0
901,29600000,23440000,0,24650000,18480000,0
902,34210000,30370000,40010000,20360000,16810000,25700000
903,61210000,55850000,68700000,25830000,20890000,32730000
904,108790000,101270000,118760000,33530000,26600000,42710000
905,54320000,49470000,61270000,24040000,19560000,30430000
906,51980000,44160000,62290000,33930000,26720000,43420000
907,27320000,22320000,34400000,19450000,15070000,25650000
908,30310000,25230000,36240000,20640000,15960000,26110000
909,0,,,,,
910,106360000,93700000,122150000,51140000,39480000,65680000
911,71020000,63320000,81210000,38300000,31210000,47690000
912,68470000,63330000,75710000,29860000,25130000,36530000
913,31340000,27830000,37100000,21030000,17800000,26340000
914,60820000,50990000,73140000,39480000,30430000,50830000
915,11040000,8750000,14810000,11040000,8750000,14810000
916,82330000,73070000,93810000,42090000,33560000,52670000
917,64920000,59420000,72450000,29970000,24910000,36910000
918,86890000,78800000,97470000,39890000,32440000,49640000
919,46260000,40520000,54210000,26950000,21660000,34270000
920,43030000,39580000,0,14920000,11890000,0
921,49030000,43720000,56310000,20170000,15520000,26540000
922,22950000,20090000,27880000,14370000,11860000,18670000
923,30580000,27170000,36180000,20600000,17460000,25760000
924,58940000,54350000,0,28720000,24500000,0
925,34770000,30090000,0,20380000,16280000,0
926,34980000,30050000,41880000,20570000,16250000,26600000
927,41420000,34030000,0,29110000,22650000,0
928,,,,,,
929,29110000,24880000,35340000,17180000,13480000,22640000
930,74240000,69810000,80730000,27640000,23550000,33620000
931,63060000,55230000,73380000,34260000,27050000,43770000
932,114330000,102620000,129000000,52780000,42010000,66300000
933,87970000,75780000,100240000,46500000,35270000,57800000
934,42550000,36710000,49190000,24860000,19480000,30970000
935,68330000,60680000,78450000,37850000,30800000,47170000
936,37740000,32850000,0,25710000,21210000,0
937,103550000,91850000,118230000,52110000,41340000,65630000
938,33500000,27750000,41460000,22020000,16990000,28990000
939,52450000,46900000,60190000,30580000,25460000,37710000
940,51730000,46320000,59180000,29400000,24420000,36260000
941,89130000,80890000,99870000,35860000,28270000,45750000
942,90250000,79140000,104280000,51660000,41430000,64580000
943,35420000,31230000,41420000,21050000,17190000,26570000
944,52390000,46490000,60240000,26910000,21480000,34130000
945,54430000,46970000,62480000,27590000,20720000,35010000
946,57580000,51770000,65340000,30720000,25370000,37870000
947,46110000,41360000,52710000,23020000,18650000,29100000
948,76540000,67710000,87970000,37880000,29760000,48410000
949,62620000,54230000,0,40150000,32420000,0
950,52410000,45880000,60960000,28760000,22740000,36630000
951,28930000,24900000,34760000,16040000,12510000,21140000
952,,,,,,
953,41450000,36000000,48840000,25160000,20150000,31970000
954,44860000,38590000,53270000,27820000,22050000,35570000
955,62870000,54580000,73700000,35820000,28190000,45790000
956,42720000,38230000,0,22750000,18610000,0
957,69650000,62760000,78880000,31900000,25560000,40410000
958,55340000,50480000,0,28350000,23870000,0
959,77730000,69710000,88280000,39340000,31950000,49050000
960,53500000,47380000,61880000,28400000,22770000,36130000
961,93940000,89200000,100760000,19520000,15380000,25490000
962,39840000,35680000,45990000,21830000,18000000,27490000
963,0,,,,,
964,13270000,11120000,16730000,10860000,8710000,14330000
965,18820000,15660000,23500000,14550000,11390000,19220000
966,0,,,,,
967,34300000,30150000,40430000,16820000,13190000,22180000
968,0,,,,,
969,114490000,104540000,0,43100000,33940000,0
970,81540000,71590000,0,42030000,32860000,0
971,53750000,46860000,0,30820000,24480000,0
972,63140000,56350000,0,32620000,26360000,0
973,90930000,81840000,0,41970000,33590000,0
974,86860000,76350000,0,46450000,36760000,0
975,60610000,52560000,0,33970000,26550000,0
976,132650000,122470000,0,48010000,38640000,0
977,107870000,98020000,0,46060000,36990000,0
978,72790000,64720000,0,35250000,27810000,0
979,102690000,94130000,113850000,42170000,34290000,52450000
980,98780000,87720000,0,49990000,39810000,0
981,33560000,29570000,39520000,20870000,17200000,26360000
982,63430000,56800000,72010000,29300000,23190000,37200000
983,47860000,42150000,55770000,26930000,21670000,34210000
984,43030000,39580000,48390000,14920000,11890000,19600000
985,91020000,85640000,98540000,26930000,21980000,33860000
986,43320000,34850000,50830000,25650000,17850000,32570000
987,43430000,38810000,50080000,23080000,18830000,29200000
988,,,,,,
989,116320000,105880000,129610000,48720000,39100000,60960000
990,,,,,,
991,69450000,64950000,75880000,27330000,23180000,33260000
992,104700000,97260000,112740000,33160000,26300000,40560000
993,32980000,29070000,38840000,20500000,16900000,25900000
994,44180000,38410000,52160000,27060000,21750000,34420000
995,35910000,31920000,0,22710000,19040000,0
996,37240000,33300000,0,22530000,18910000,0
997,60980000,55420000,68720000,28560000,23450000,35690000
998,47150000,40930000,0,30300000,24570000,0
999,79000000,70750000,0,41890000,34290000,0
1000,0,,,,,
1001,32950000,27180000,0,23840000,18790000,0
1002,40240000,36270000,0,18280000,14800000,0
1003,105350000,92490000,121360000,58560000,46720000,73310000
1004,83190000,61900000,108350000,83190000,61900000,108350000
1005,59710000,45270000,77210000,58890000,44440000,76380000
1006,60700000,48400000,75770000,51080000,38780000,66160000
1007,70400000,54230000,89850000,65300000,49130000,84750000
1008,104230000,81800000,131130000,79870000,60240000,103400000
1009,57420000,44640000,73020000,52820000,40040000,68420000
1010,47220000,35720000,61260000,47220000,35720000,61260000
1011,142850000,128900000,160070000,64690000,51850000,80550000
1012,105790000,90170000,124950000,68990000,54600000,86640000
1013,80940000,66440000,98800000,60840000,47480000,77280000
1014,110510000,93670000,131040000,70640000,55130000,89550000
1015,88160000,73370000,106380000,62020000,48400000,78800000
1016,97040000,82430000,117260000,68120000,54660000,86740000
1017,84980000,71170000,102070000,64770000,52040000,80510000
1018,83760000,52340000,100690000,58150000,29210000,73750000
1019,99880000,84360000,118890000,58700000,45120000,75340000
1020,91980000,78640000,108480000,57140000,44860000,72350000
1021,65270000,55030000,78320000,46470000,37030000,58490000
1022,91480000,77220000,109100000,66650000,53510000,82880000
1023,173470000,152990000,198140000,83220000,64350000,105940000
1024,112740000,96790000,132250000,70230000,55540000,88200000
1025,85320000,71620000,102290000,58360000,45750000,73990000
1026,90310000,72280000,112180000,72630000,56030000,92780000
1027,0,,,,,
1028,32760000,25190000,42330000,32760000,25190000,42330000
1029,64010000,51390000,79750000,48210000,37170000,61980000
1030,71860000,59240000,87600000,54470000,42840000,68960000
1031,68750000,54680000,86110000,52840000,40520000,68020000
1032,73280000,58610000,91340000,60670000,47830000,76470000
1033,75340000,62740000,91030000,54390000,42790000,68850000
1034,43680000,34280000,55430000,40380000,30980000,52140000
1035,63790000,49720000,81190000,52780000,40470000,68000000
1036,94820000,83040000,109620000,52240000,41380000,65870000
1037,84610000,68300000,104530000,66950000,51940000,85310000
1038,53660000,42520000,67730000,43360000,33610000,55670000
1039,61600000,47780000,78710000,51920000,39820000,66890000
1040,101830000,86170000,120990000,65080000,50660000,82720000
1041,0,,,,,
1042,165060000,133210000,202610000,120000000,90660000,154580000
1043,62950000,51000000,77930000,46120000,35660000,59230000
1044,103240000,84550000,125850000,75310000,58100000,96140000
1045,59840000,47760000,74960000,46420000,35850000,59640000
1046,66210000,54570000,80850000,45230000,35040000,58040000
1047,111490000,94520000,132170000,80000000,64370000,99050000
1048,97520000,85090000,113030000,54550000,43100000,68840000
1049,105210000,90710000,122970000,64930000,51570000,81290000
1050,55310000,44660000,68780000,41790000,32470000,53580000
1051,69120000,53020000,0,69120000,53020000,0
1052,101320000,85540000,116750000,64710000,50180000,78930000
1053,114190000,87450000,139390000,89090000,64460000,112300000
1054,87330000,65100000,108490000,69520000,50070000,88040000
1055,85800000,66080000,104740000,64110000,45950000,81560000
1056,0,,,,,
1057,28230000,20160000,36400000,28230000,20160000,36400000
1058,80220000,63110000,96860000,63400000,47640000,78730000
1059,108460000,83450000,132120000,84410000,61380000,106210000
1060,147580000,116310000,176800000,99300000,70500000,126210000
1061,60460000,45650000,75050000,44980000,32020000,57740000
1062,67130000,52250000,81770000,51100000,38080000,63910000
1063,61990000,49530000,74490000,44900000,33420000,56420000
1064,85920000,71620000,103540000,53890000,41380000,69300000
1065,35610000,24980000,46060000,35610000,24980000,46060000
1066,57840000,44140000,71430000,42210000,30210000,54100000
1067,80040000,60950000,98420000,62300000,44720000,79240000
1068,49370000,36860000,61910000,39060000,28110000,50020000
1069,112020000,84860000,137560000,83920000,58910000,107450000
1070,98420000,73780000,121730000,77060000,54370000,98530000
1071,55470000,40530000,70190000,45220000,32150000,58100000
1072,106620000,81430000,130430000,78630000,55430000,100550000
1073,72760000,53240000,91520000,56750000,39670000,73160000
1074,111790000,95610000,127610000,56900000,41990000,71470000
1075,70240000,52100000,87770000,53700000,37830000,69040000
1076,130860000,115200000,146220000,59210000,44790000,73350000
1077,64310000,56710000,74060000,39530000,31930000,49280000
1078,37290000,26050000,48260000,37290000,26050000,48260000
1079,79230000,60420000,97380000,55210000,38740000,71090000
1080,114820000,93450000,135250000,72800000,53110000,91620000
1081,68850000,48680000,88190000,58260000,40610000,75180000
1082,87840000,67490000,107340000,65740000,47000000,83710000
1083,86210000,61700000,109390000,69260000,47820000,89550000
1084,0,,,,,
1085,64710000,43950000,84160000,64710000,43950000,84160000
1086,103140000,84700000,120960000,65050000,48060000,81470000
1087,102050000,79140000,0,78800000,57700000,0
1088,106680000,80230000,0,88070000,63710000,0
1089,94060000,69520000,0,75410000,53930000,0
1090,101830000,81860000,120990000,65080000,46680000,82720000
1091,83440000,64370000,101780000,62300000,44740000,79200000
1092,162030000,136480000,186150000,72800000,50450000,93910000
1093,77220000,55700000,97750000,61760000,42930000,79730000
1094,64850000,47860000,81370000,50400000,35530000,64850000
1095,88740000,62810000,113230000,72860000,50170000,94280000
1096,68630000,51430000,85350000,51020000,35970000,65640000
1097,99640000,77170000,121040000,77650000,56960000,97360000
1098,60870000,43190000,77570000,60870000,43190000,77570000
1099,99950000,79280000,119720000,70720000,51680000,88930000
1100,79320000,61880000,96230000,58020000,41960000,73600000
1101,34890000,24490000,45120000,34890000,24490000,45120000
1102,94110000,73880000,113490000,65610000,46980000,83460000
1103,60740000,45030000,76120000,47170000,33420000,60630000
1104,81100000,56770000,104120000,68690000,47400000,88830000
1105,87780000,73880000,101560000,55370000,42570000,68060000
1106,87780000,73880000,101560000,55370000,42570000,68060000
1107,139290000,114970000,162300000,83040000,60640000,104230000
1108,188390000,172680000,203770000,59920000,45450000,74090000
1109,106300000,96560000,116380000,42370000,33410000,51660000
1110,127280000,110560000,0,68150000,52760000,0
1111,126230000,109880000,142180000,57270000,42210000,71960000
1112,111060000,88690000,0,71780000,51180000,0
1113,110390000,89060000,0,75070000,55420000,0
1114,92620000,75280000,109450000,58170000,42200000,73670000
1115,70130000,54300000,85630000,53740000,39160000,68020000
1116,70130000,54300000,85630000,53740000,39160000,68020000
1117,68310000,56370000,80370000,43750000,32750000,54850000
1118,103950000,85320000,121930000,71950000,54790000,88500000
1119,73470000,60940000,86030000,45320000,34350000,56310000
1120,106840000,88350000,124710000,60440000,44260000,76070000
1121,93940000,78120000,109430000,60490000,45910000,74750000
1122,93940000,78120000,109430000,60490000,45910000,74750000
1123,156050000,121260000,0,114860000,82820000,0
1124,84750000,65710000,0,68410000,50880000,0
1125,157360000,143790000,0,69780000,57280000,0
1126,71200000,56020000,89830000,56340000,43050000,72630000
1127,92060000,78240000,109150000,62690000,49960000,78430000
1128,110300000,93850000,130390000,68010000,52860000,86510000
1129,75770000,63040000,91620000,54880000,43150000,69470000
1130,73660000,62040000,88270000,57360000,46660000,70820000
1131,103080000,84630000,125420000,80470000,63470000,101040000
1132,93720000,77500000,113580000,73110000,58160000,91400000
1133,87940000,73450000,105820000,61060000,47720000,77530000
1134,89110000,71620000,110370000,64010000,48710000,82620000
1135,70360000,56720000,87250000,51530000,39590000,66310000
1136,7960000,6520000,0,7000000,5570000,0
1137,8880000,7490000,0,6840000,5450000,0
1138,10650000,9100000,0,7890000,6530000,0
1139,7470000,6020000,0,7140000,5700000,0
1140,8280000,6770000,0,7460000,5950000,0
1141,13980000,12430000,0,8120000,6760000,0
1142,20970000,19050000,0,10610000,8690000,0
1143,9630000,8040000,0,9310000,7710000,0
1144,9150000,7440000,0,9150000,7440000,0
1145,7140000,5970000,0,7140000,5970000,0
1146,19560000,16850000,0,13950000,11580000,0
1147,12710000,11310000,0,9370000,8150000,0
1148,8550000,7000000,0,8550000,7000000,0
1149,7990000,6610000,0,6990000,5610000,0
1150,13290000,12040000,0,8920000,7830000,0
1151,8640000,7240000,0,8440000,7040000,0
1152,11320000,9160000,0,11040000,8880000,0
1153,10920000,8640000,0,10920000,8640000,0
1154,7630000,5890000,0,7250000,5520000,0
1155,6430000,4990000,0,6250000,4810000,0
1156,14060000,9330000,0,13850000,9130000,0
1157,15600000,11620000,0,15190000,11210000,0
1158,0,,,,,
1159,0,,,,,
1160,1601930000,1557050000,1652830000,157240000,115900000,204120000
1161,1131570000,1070390000,1200920000,214930000,158570000,278800000
1162,42950000,35800000,0,33430000,27180000,0
1163,5700000,4450000,0,5520000,4260000,0
1164,11630000,8720000,0,11380000,8480000,0
1165,12020000,9030000,0,11660000,8660000,0
1166,175780000,169650000,0,37680000,32030000,0
1167,0,,,,,
1168,142930000,129620000,0,61190000,48930000,0
1169,101040000,94800000,0,37370000,31620000,0
1170,0,,,,,
1171,787360000,768570000,0,89290000,71990000,0
1172,61370000,48160000,0,53700000,42140000,0
1173,471380000,454270000,0,75940000,60180000,0
1174,46360000,38010000,0,42700000,35010000,0
1175,584380000,574340000,0,54250000,45000000,0
1176,82870000,64550000,0,76330000,59460000,0
1177,0,,,,,
1178,108110000,82940000,0,99580000,76390000,0
1179,0,,,,,
1180,71340000,53650000,0,71340000,53650000,0
1181,106930000,89920000,0,70640000,54980000,0
1182,169380000,149550000,0,84560000,66290000,0
1183,164280000,150330000,0,57000000,44800000,0
1184,65690000,57510000,0,43460000,35930000,0
1185,25600000,23860000,0,17010000,15490000,0
1186,40960000,37540000,0,26010000,22860000,0
1187,33670000,32150000,0,16410000,15070000,0
1188,25430000,23730000,0,16830000,15350000,0
1189,19040000,17640000,0,15610000,14200000,0
1190,0,,,,,
1191,300280000,271210000,0,121280000,94500000,0
1192,121740000,98150000,0,94880000,73150000,0
1193,142040000,115380000,0,97530000,74210000,0
1194,93330000,75910000,0,67610000,52370000,0
1195,0,,,,,
1196,3460000,3050000,0,2630000,2220000,0
1197,0,,,,,
1198,0,,,,,
1199,0,,,,,
1200,230520000,208740000,0,83030000,63980000,0
1201,224740000,202960000,0,83030000,63980000,0