ProductId,diamond_gold_18k,diamond_gold_14k,diamond_plat_900,cz_gold_18k,cz_gold_14k,cz_plat_900,cz_gold_10k
1,20460000,14850000,20830000,20460000,14850000,20830000,10910000
2,25020000,21380000,25570000,15820000,12170000,16360000,7950000
3,24770000,21330000,25420000,16220000,12790000,16880000,8840000
4,24080000,19540000,24630000,21230000,16690000,21770000,-
5,11830000,9740000,12630000,10040000,7950000,10840000,-
6,10980000,8930000,11690000,9690000,7630000,10400000,-
7,10400000,8270000,-,9760000,7630000,-,-
8,13260000,10480000,-,13260000,10480000,-,-
9,7900000,6300000,-,6800000,4990000,-,-
10,9310000,7270000,-,9310000,7270000,-,4920000
11,9260000,7270000,-,9260000,7270000,-,4890000
12,9260000,7230000,-,9260000,7230000,-,4890000
13,10830000,8380000,-,10830000,8380000,-,5550000
14,15800000,11980000,-,15800000,11980000,-,7600000
15,15650000,11870000,-,15650000,11870000,-,7540000
16,42760000,36560000,43270000,25240000,19040000,25750000,-
17,17730000,13920000,-,16450000,12650000,-,8280000
18,6950000,5550000,-,6950000,5550000,-,3940000
19,23900000,17910000,-,23900000,17910000,-,11060000
20,8960000,7000000,-,8960000,7000000,-,4780000
21,11220000,8650000,-,11220000,8650000,-,5710000
22,13970000,11100000,14510000,13970000,11100000,14510000,-
23,26740000,22630000,27330000,19400000,15290000,19990000,-
24,26020000,22280000,26730000,14610000,10870000,15320000,-
25,27100000,24150000,27810000,14740000,11790000,15440000,-
26,35700000,31160000,36340000,19510000,14970000,20150000,-
27,30570000,26380000,31150000,19160000,14960000,19740000,-
28,33070000,27190000,33610000,20910000,15020000,21450000,-
29,27780000,23070000,28410000,17360000,12650000,17980000,-
30,25710000,22080000,26430000,14300000,10660000,15010000,-
31,32640000,27360000,33220000,19320000,14050000,19910000,-
32,43380000,38060000,43970000,19280000,13960000,19860000,-
33,30110000,25330000,30630000,22010000,17230000,22530000,-
34,48330000,39400000,44840000,38630000,29700000,35140000,-
35,27710000,23590000,28300000,19440000,15320000,20030000,-
36,46720000,41020000,45910000,27420000,21720000,26610000,-
37,50820000,44850000,-,34610000,28630000,-,-
38,79650000,74660000,-,24690000,19690000,-,-
39,88720000,80380000,87640000,30960000,22620000,29880000,-
40,50810000,44850000,49340000,29650000,23690000,28180000,-
41,46610000,38470000,44770000,34240000,26090000,32400000,-
42,55260000,48390000,54070000,31880000,25000000,30690000,-
43,54630000,48600000,53140000,33350000,27310000,31850000,-
44,34250000,28650000,33470000,25060000,19470000,24280000,-
45,33860000,28180000,33060000,25010000,19340000,24210000,-
46,39040000,33290000,38210000,27080000,21340000,26260000,-
47,19300000,15860000,19950000,15490000,12060000,16150000,-
48,45220000,39300000,43770000,31400000,25470000,29950000,-
49,27290000,23610000,27920000,18470000,14790000,19100000,-
50,24000000,20820000,24680000,16330000,13150000,17010000,-
51,25810000,21400000,26370000,19840000,15420000,20400000,-
52,27350000,22380000,-,21910000,16940000,-,-
53,42100000,35080000,42550000,25800000,18770000,26250000,-
54,34090000,28100000,33190000,27610000,21620000,26710000,-
55,31660000,27440000,32240000,20530000,16310000,21110000,-
56,38630000,33610000,39120000,25820000,20800000,26310000,-
57,39620000,33690000,38730000,25760000,19820000,24870000,-
58,111950000,103210000,108560000,40210000,31460000,36820000,-
59,44810000,38180000,43700000,31100000,24480000,30000000,-
60,47990000,41190000,46830000,31970000,25160000,30800000,-
61,85760000,77980000,84040000,32930000,25150000,31210000,-
62,40120000,33450000,39000000,30420000,23750000,29300000,-
63,39820000,34820000,40320000,24770000,19770000,25270000,-
64,53880000,46370000,52270000,35080000,27560000,33460000,-
65,43810000,39410000,-,21900000,17500000,-,-
66,67390000,61010000,66360000,26780000,20390000,25750000,-
67,33060000,28400000,33590000,21280000,16620000,21810000,-
68,36750000,31540000,37230000,24140000,18930000,24610000,-
69,54840000,49000000,53420000,33240000,27400000,31820000,-
70,58120000,51870000,57140000,29100000,22850000,28120000,-
71,35870000,30180000,35060000,25060000,19370000,24250000,-
72,48460000,42200000,47470000,28270000,22010000,27280000,-
73,21420000,18320000,22110000,14510000,11420000,15200000,-
74,21870000,19000000,22580000,13630000,10760000,14340000,-
75,35810000,30660000,-,25560000,20420000,-,-
76,33790000,30680000,34540000,15100000,11990000,15860000,-
77,28750000,23510000,29330000,19160000,13930000,19740000,-
78,30350000,27240000,31110000,15010000,11900000,15760000,-
79,46940000,42170000,47460000,23360000,18600000,23890000,-
80,35810000,30660000,36290000,25560000,20420000,26050000,-
81,29890000,23310000,-,23420000,16830000,-,-
82,34130000,30250000,34750000,18170000,14290000,18790000,-
83,25400000,22560000,26130000,13990000,11150000,14710000,-
84,51880000,48230000,52530000,18000000,14350000,18650000,-
85,33740000,26210000,32860000,25180000,17650000,24300000,-
86,54360000,50940000,55030000,19560000,16140000,20230000,-
87,47810000,39250000,45830000,35310000,26740000,33330000,-
88,45680000,42630000,46370000,17060000,14010000,17750000,-
89,29870000,24520000,30330000,24560000,19220000,25030000,-
90,33070000,29090000,33670000,19960000,15970000,20560000,-
91,33600000,28370000,34080000,23890000,18660000,24360000,-
92,22090000,17940000,-,16120000,11970000,-,-
93,84320000,76180000,82480000,39790000,31650000,37950000,-
94,14060000,10640000,14560000,14060000,10640000,14560000,-
95,21590000,18280000,22330000,14390000,11070000,15130000,-
96,32040000,27110000,32660000,20000000,15070000,20620000,-
97,32580000,28140000,33150000,20870000,16440000,21450000,-
98,32780000,28800000,33400000,18900000,14920000,19520000,-
99,28560000,24830000,29200000,18290000,14550000,18930000,-
100,35570000,30290000,36150000,20000000,14730000,20590000,-
101,34440000,27560000,34900000,24730000,17840000,25180000,-
102,49400000,45270000,50000000,22300000,18160000,22890000,-
103,28770000,25170000,29320000,15530000,11940000,16080000,-
104,45030000,39540000,45480000,24490000,19010000,24950000,-
105,19610000,17090000,-,12530000,10010000,-,7160000
106,60900000,53060000,61080000,33410000,25570000,33600000,-
107,85540000,78710000,84370000,33510000,26670000,32330000,-
108,40820000,34510000,41330000,23030000,16710000,23530000,-
109,63210000,57980000,63690000,23520000,18280000,23990000,-
110,33200000,28740000,33850000,18750000,14290000,19400000,-
111,44970000,38590000,-,30180000,23790000,-,-
112,41330000,36920000,41890000,19940000,15530000,20490000,-
113,40640000,35780000,41150000,23420000,18560000,23930000,-
114,26920000,22650000,27500000,19000000,14730000,19570000,-
115,103670000,98190000,104120000,28780000,23300000,29230000,-
116,39630000,34410000,40130000,26380000,21160000,26870000,-
117,32110000,28700000,-,19300000,15880000,-,-
118,40180000,34870000,-,26660000,21340000,-,-
119,49330000,39750000,47750000,44020000,34440000,42430000,-
120,100420000,91940000,98460000,42700000,34220000,40740000,-
121,37090000,30200000,35800000,27640000,20750000,26350000,-
122,34410000,30680000,35040000,17080000,13340000,17710000,-
123,15870000,12080000,16320000,15870000,12080000,16320000,-
124,21100000,18400000,21830000,13770000,11060000,14500000,-
125,21350000,16040000,21650000,21350000,16040000,21650000,-
126,35800000,30100000,34990000,26430000,20730000,25620000,-
127,60660000,55850000,61180000,21020000,16210000,21540000,-
128,40210000,34650000,39440000,25420000,19860000,24650000,-
129,29420000,23950000,29870000,23340000,17860000,23790000,-
130,42280000,39280000,-,13910000,10910000,-,-
131,49270000,44980000,-,19340000,15050000,-,-
132,36520000,29760000,-,25110000,18350000,-,-
133,25580000,22770000,-,14170000,11350000,-,-
134,49460000,43000000,-,30630000,24170000,-,-
135,31160000,25200000,-,21070000,15110000,-,-
136,32870000,28590000,-,20140000,15850000,-,-
137,26740000,21690000,-,21930000,16870000,-,-
138,14680000,11220000,-,14680000,11220000,-,-
139,53330000,47790000,-,19130000,13590000,-,-
140,22400000,19960000,-,12230000,9790000,-,-
141,62440000,53690000,-,38130000,29380000,-,-
142,42320000,38600000,-,19620000,15900000,-,-
143,28670000,24360000,-,20220000,15910000,-,-
144,37830000,32220000,-,26600000,20990000,-,-
145,81950000,76460000,-,25010000,19530000,-,-
146,38650000,34060000,-,24540000,19950000,-,-
147,25550000,21470000,-,19840000,15760000,-,-
148,52580000,44200000,-,37640000,29260000,-,-
149,36120000,31340000,-,22990000,18210000,-,-
150,90890000,80450000,-,46960000,36510000,-,-
151,56260000,49290000,-,31780000,24810000,-,-
152,33550000,26030000,-,25930000,18420000,-,-
153,128800000,117480000,-,56070000,44750000,-,-
154,36890000,31630000,-,23580000,18310000,-,-
155,37690000,32490000,-,26480000,21280000,-,-
156,45520000,38950000,-,29920000,23350000,-,-
157,56410000,48380000,-,35990000,27960000,-,-
158,49970000,45080000,-,27210000,22320000,-,-
159,31820000,26770000,-,23100000,18050000,-,-
160,69620000,64750000,-,22940000,18070000,-,-
161,65710000,59460000,-,34010000,27760000,-,-
162,53970000,50300000,-,20000000,16330000,-,-
163,28550000,24880000,-,18920000,15250000,-,-
164,56710000,50400000,-,30830000,24510000,-,-
165,57700000,50480000,-,28390000,21160000,-,-
166,50240000,42550000,-,29550000,21860000,-,-
167,49180000,44040000,-,24210000,19070000,-,-
168,18680000,17300000,-,10120000,8740000,-,-
169,27170000,23060000,-,19360000,15250000,-,-
170,46130000,38720000,-,33050000,25640000,-,-
171,24110000,20930000,-,14090000,10910000,-,-
172,17000000,16100000,-,6080000,5180000,-,-
173,19160000,17160000,-,9700000,7710000,-,-
174,12730000,9810000,-,12730000,9810000,-,-
175,18600000,17080000,-,8130000,6620000,-,-
176,65490000,57930000,-,33290000,25720000,-,-
177,76020000,67020000,-,39180000,30180000,-,-
178,49200000,43290000,-,29530000,23620000,-,-
179,-,-,-,-,-,-,-
180,-,-,-,-,-,-,-
181,-,-,-,-,-,-,-
182,-,-,-,-,-,-,-
183,-,-,-,-,-,-,-
184,-,-,-,-,-,-,-
185,-,-,-,-,-,-,-
186,-,-,-,-,-,-,-
187,-,-,-,-,-,-,-
188,-,-,-,-,-,-,-
189,-,-,-,-,-,-,1820000
190,-,-,-,-,-,-,2580000
191,-,-,-,-,-,-,2280000
192,-,-,-,-,-,-,2400000
193,-,-,-,5920000,-,-,-
194,-,-,-,5720000,-,-,-
195,-,-,-,6100000,-,-,-
196,-,-,-,6610000,-,-,-
197,-,-,-,-,-,-,2590000
198,-,-,-,-,-,-,2730000
199,-,-,-,6760000,-,-,-
200,-,-,-,6290000,-,-,-
201,-,-,-,8060000,-,-,-
202,-,-,-,9100000,-,-,-
203,-,-,-,-,-,-,2460000
204,-,-,-,-,-,-,2560000
205,11070000,8690000,-,10100000,7720000,-,6280000
206,14770000,11400000,15340000,13450000,10080000,14020000,7250000
207,17920000,14410000,18580000,15110000,11590000,15770000,7890000
208,6140000,4700000,-,6140000,4700000,-,3020000
209,6140000,4700000,-,6140000,4700000,-,3020000
210,6140000,4700000,-,6140000,4700000,-,3020000
211,18180000,14430000,18810000,16360000,12610000,16980000,8310000
212,15420000,11800000,-,14440000,10820000,-,6660000
213,3710000,3610000,4610000,1810000,1700000,2710000,-
214,3620000,3460000,4520000,1850000,1690000,2740000,-
215,5780000,4880000,-,5180000,4280000,-,-
216,6080000,4980000,-,5680000,4580000,-,-
217,11790000,9200000,-,8200000,6300000,-,-
218,7900000,-,-,3900000,-,-,-
219,6650000,5260000,-,6650000,5260000,-,-
220,10560000,8260000,-,10100000,7790000,-,-
221,9340000,8050000,-,7260000,5970000,-,4920000
222,11690000,9420000,-,10390000,8120000,-,5410000
223,6610000,5090000,-,6610000,5090000,-,3330000
224,16450000,12710000,-,15010000,11260000,-,7820000
225,12480000,9420000,-,12480000,9420000,-,-
226,12840000,9660000,-,12840000,9660000,-,-
227,10890000,8290000,-,10890000,8290000,-,-
228,3440000,2560000,-,3440000,2560000,-,1930000
229,7710000,6430000,-,5970000,4690000,-,3230000
230,2060000,1690000,2850000,2060000,1690000,2850000,-
231,8950000,6730000,-,8950000,6730000,-,4410000
232,5060000,3860000,-,5060000,3860000,-,2550000
233,7570000,5740000,-,7570000,5740000,-,3620000
234,6640000,5010000,-,6640000,5010000,-,3350000
235,7270000,5510000,-,7270000,5510000,-,4250000
236,5600000,3860000,-,5600000,3860000,-,2720000
237,3690000,2900000,-,3690000,2900000,-,1980000
238,3780000,2940000,-,3780000,2940000,-,2040000
239,5540000,4570000,-,4660000,3680000,-,2810000
240,2600000,2140000,-,2600000,2140000,-,1570000
241,14870000,13540000,15740000,6960000,5640000,7840000,-
242,17090000,15610000,17940000,8580000,7110000,9440000,-
243,24840000,22800000,25640000,10270000,8230000,11060000,-
244,15640000,13620000,16440000,9580000,7560000,10380000,-
245,17740000,16040000,18570000,8310000,6620000,9140000,-
246,20640000,18530000,21430000,11330000,9220000,12120000,-
247,20720000,18750000,21520000,11030000,9060000,11840000,-
248,25310000,22520000,26030000,13610000,10830000,14340000,-
249,21230000,19030000,22010000,10870000,8670000,11650000,-
250,16440000,14640000,17260000,9150000,7350000,9970000,-
251,17400000,15880000,18240000,8710000,7190000,9550000,-
252,19730000,17560000,20560000,8610000,6440000,9440000,-
253,28330000,25180000,29010000,13540000,10380000,14220000,-
254,32590000,27850000,33110000,19960000,15220000,20480000,-
255,28070000,24220000,28700000,17760000,13910000,18380000,-
256,39190000,33780000,-,22100000,16690000,-,-
257,32760000,30310000,33520000,12890000,10440000,13650000,-
258,39900000,35710000,40470000,18720000,14540000,19300000,-
259,30220000,27770000,30980000,12610000,10160000,13360000,-
260,14430000,12740000,15260000,8040000,6340000,8870000,-
261,40260000,36030000,40830000,20150000,15930000,20730000,-
262,37990000,31810000,37020000,25990000,19810000,25020000,-
263,13120000,11700000,13980000,6940000,5520000,7800000,-
264,11840000,10100000,12670000,7720000,5980000,8550000,-
265,20550000,17860000,21280000,12750000,10060000,13480000,-
266,14370000,12710000,15200000,7800000,6130000,8630000,-
267,5950000,5320000,6790000,3760000,3130000,4610000,-
268,21110000,18870000,21800000,10420000,8190000,11110000,-
269,23770000,20910000,24480000,13190000,10340000,13900000,-
270,17050000,14810000,17830000,10970000,8730000,11750000,-
271,22800000,19720000,23490000,13790000,10700000,14480000,-
272,10410000,9460000,-,5690000,4740000,-,3800000
273,5990000,4650000,6690000,5990000,4650000,6690000,-
274,20320000,16960000,20990000,13820000,10470000,14500000,-
275,12890000,11100000,-,8410000,6620000,-,4560000
276,3690000,2860000,-,3690000,2860000,-,1980000
277,4310000,3370000,5060000,4310000,3370000,5060000,-
278,23710000,22330000,-,6050000,4670000,-,3100000
279,23540000,20140000,24200000,14860000,11450000,15510000,-
280,41630000,36310000,42210000,20760000,15440000,21340000,-
281,67980000,64620000,68720000,12530000,9180000,13270000,-
282,42840000,37340000,43410000,21920000,16420000,22490000,-
283,21130000,18320000,21930000,12990000,10170000,13780000,-
284,32150000,28840000,32820000,16600000,13290000,17270000,-
285,67770000,64360000,68430000,17100000,13680000,17760000,-
286,33550000,29590000,34230000,16480000,12530000,17170000,-
287,56550000,51390000,57140000,22000000,16830000,22590000,-
288,52140000,48040000,52820000,15660000,11560000,16340000,-
289,42420000,35580000,41250000,29600000,22750000,28420000,-
290,28600000,25750000,29270000,14910000,12050000,15570000,-
291,12020000,11100000,12830000,5160000,4230000,5960000,-
292,7150000,6330000,-,4790000,3960000,-,3100000
293,19630000,17690000,20430000,8930000,6990000,9740000,-
294,10620000,9730000,11530000,5530000,4630000,6440000,-
295,16570000,14940000,17410000,10010000,8380000,10850000,-
296,12670000,9020000,-,11540000,7900000,-,4750000
297,21430000,18470000,-,13100000,10150000,-,-
298,40210000,35470000,40730000,22160000,17420000,22680000,-
299,20680000,19540000,21560000,7250000,6110000,8130000,-
300,11050000,8270000,-,11050000,8270000,-,5100000
301,8740000,6990000,-,7280000,5530000,-,4080000
302,12250000,10760000,-,6480000,5000000,-,3710000
303,13100000,9810000,-,13100000,9810000,-,-
304,7430000,5710000,-,7060000,5340000,-,3470000
305,97540000,82830000,95060000,62480000,47760000,59990000,-
306,58190000,48230000,57440000,47010000,37050000,46250000,-
307,56510000,45630000,55910000,42300000,31420000,41690000,-
308,69350000,59110000,68670000,40870000,30630000,40190000,-
309,66800000,57470000,68200000,32200000,22880000,33590000,-
310,60850000,49580000,60070000,44760000,33490000,43980000,-
311,71590000,54560000,70010000,56720000,39690000,55150000,-
312,47360000,34420000,46710000,43040000,30090000,42380000,-
313,78200000,67010000,77580000,45450000,34260000,44830000,-
314,48140000,35050000,-,42180000,29070000,-,-
315,39910000,32520000,-,32190000,24800000,-,-
316,50240000,41410000,51620000,39700000,30880000,41080000,-
317,72780000,61010000,71970000,54240000,42460000,53430000,-
318,73910000,62480000,75270000,44480000,33040000,45840000,-
319,65820000,52160000,62440000,61590000,47920000,58190000,-
320,80870000,72350000,82510000,42010000,33480000,43650000,-
321,46110000,36980000,47260000,39190000,30050000,40330000,-
322,110430000,94210000,106730000,77240000,61020000,73540000,-
323,56270000,42930000,55450000,50450000,37090000,49610000,-
324,60890000,48340000,-,52770000,40220000,-,-
325,74330000,59910000,-,67040000,52620000,-,-
326,58890000,45520000,-,54760000,41380000,-,-
327,56600000,43060000,-,54860000,41320000,-,-
328,64100000,48800000,-,60640000,45340000,-,-
329,33270000,24900000,-,32710000,24330000,-,14530000
330,46270000,34790000,45850000,45520000,34040000,45100000,-
331,26920000,18560000,-,26920000,18560000,-,12850000
332,44290000,33860000,-,43440000,33010000,-,-
333,27910000,19210000,-,27910000,19210000,-,13230000
334,71350000,48460000,67350000,71350000,48460000,67350000,-
335,50830000,34730000,49630000,50830000,34730000,49630000,-
336,39820000,29820000,39160000,39820000,29820000,39160000,-
337,35610000,23880000,36640000,35610000,23880000,36640000,-
338,61600000,48410000,60450000,60510000,47320000,59350000,-
339,34730000,23530000,35770000,34730000,23530000,35770000,-
340,41100000,28410000,42060000,41100000,28410000,42060000,-
341,39660000,27110000,40630000,39660000,27110000,40630000,-
342,34180000,23160000,-,34180000,23160000,-,15670000
343,34230000,26000000,35470000,33850000,25620000,35090000,-
344,50280000,35680000,-,50280000,35680000,-,-
345,37250000,25370000,38340000,36820000,24940000,37900000,-
346,46610000,34660000,45690000,46610000,34660000,45690000,-
347,40750000,31390000,42090000,38480000,29120000,39810000,-
348,32740000,22930000,33860000,32740000,22930000,33860000,-
349,29030000,20100000,-,28600000,19660000,-,13520000
350,55520000,41010000,53910000,55520000,41010000,53910000,-
351,69280000,54400000,66720000,59930000,45050000,57390000,-
352,36590000,27060000,37680000,35550000,26020000,36640000,-
353,35160000,26800000,36800000,35160000,26800000,36800000,-
354,47900000,35850000,48080000,47020000,34980000,47210000,-
355,34160000,25590000,35440000,33130000,24570000,34420000,-
356,34760000,26640000,36560000,32880000,24760000,34680000,-
357,43680000,33430000,45460000,42670000,32410000,44440000,-
358,46130000,33470000,-,44300000,31650000,-,-
359,44730000,34570000,45910000,42350000,32190000,43520000,-
360,50900000,38270000,50060000,49630000,37000000,48790000,-
361,49250000,37030000,48580000,48250000,36040000,47590000,-
362,48440000,36580000,47930000,47170000,35310000,46660000,-
363,60280000,40400000,56980000,60280000,40400000,56980000,-
364,56440000,40480000,54340000,56440000,40480000,54340000,-
365,35730000,27000000,35530000,33730000,24990000,33510000,-
366,49470000,35070000,50490000,46720000,32320000,47740000,-
367,92820000,76320000,91190000,54700000,38200000,53080000,-
368,49310000,37480000,48430000,45140000,33320000,44260000,-
369,71370000,54730000,65570000,66640000,50000000,60840000,-
370,57540000,40560000,56560000,52590000,35620000,51610000,-
371,89120000,72890000,88190000,56180000,39960000,55260000,-
372,71850000,52440000,69940000,60540000,41130000,58640000,-
373,72160000,54960000,71030000,58240000,41040000,57110000,-
374,85690000,64710000,82000000,65450000,44470000,61750000,-
375,69800000,49750000,66240000,62110000,42050000,58540000,-
376,38770000,29000000,39960000,37380000,27610000,38560000,-
377,49530000,37610000,51230000,41480000,29550000,43180000,-
378,58290000,42270000,57290000,50170000,34160000,49170000,-
379,36370000,25520000,37600000,34360000,23510000,35590000,-
380,35600000,25240000,36860000,33140000,22780000,34400000,-
381,41360000,31390000,42710000,33340000,23380000,34700000,-
382,76870000,60280000,75870000,56280000,39690000,55280000,-
383,70540000,57800000,67330000,60580000,47840000,57360000,-
384,82330000,65500000,78050000,71070000,54240000,66800000,-
385,58610000,43430000,57900000,52060000,36880000,51350000,-
386,62170000,44490000,58760000,59910000,42240000,56500000,-
387,52360000,40560000,51770000,47800000,36010000,47220000,-
388,84770000,70780000,-,73160000,59160000,-,-
389,62040000,49180000,-,53770000,40910000,-,-
390,90330000,71530000,85010000,76020000,57230000,70700000,-
391,44840000,34100000,44480000,43010000,32280000,42660000,-
392,54410000,40850000,-,52910000,39360000,-,-
393,38600000,29290000,39910000,37850000,28540000,39150000,-
394,67610000,51360000,66640000,56190000,39940000,55210000,-
395,75200000,57850000,71380000,67910000,50560000,64090000,-
396,75630000,58480000,-,54460000,37320000,-,-
397,66500000,52260000,63530000,60880000,46640000,57920000,-
398,67710000,52630000,67230000,52640000,37560000,52160000,-
399,85490000,65310000,-,72710000,52520000,-,-
400,85380000,69690000,82280000,64040000,48350000,60940000,-
401,65450000,50020000,61910000,60170000,44740000,56620000,-
402,107180000,91750000,104500000,73000000,57570000,70320000,-
403,75770000,57070000,69860000,75770000,57070000,69860000,-
404,63180000,47690000,59940000,59850000,44360000,56610000,-
405,77090000,66870000,78400000,46280000,36060000,47580000,-
406,149940000,130090000,147990000,66040000,46190000,64090000,-
407,80730000,61670000,77960000,66810000,47750000,64040000,-
408,49440000,37790000,48850000,44260000,32610000,43670000,-
409,95900000,73860000,92600000,78380000,56340000,75060000,-
410,28480000,21120000,-,28480000,21120000,-,13160000
411,52690000,40120000,-,49450000,36880000,-,-
412,31300000,23420000,-,30700000,22810000,-,-
413,47020000,38010000,-,34940000,25940000,-,-
414,41870000,30970000,-,41370000,30470000,-,18610000
415,33990000,25240000,-,33750000,24990000,-,15550000
416,43130000,33380000,-,42650000,32890000,-,22440000
417,27910000,21390000,-,26240000,19720000,-,12620000
418,25720000,19400000,-,25720000,19400000,-,12170000
419,32830000,24920000,-,32080000,24170000,-,15130000
420,66470000,51470000,-,53410000,38410000,-,-
421,46420000,36940000,48210000,33740000,24270000,35530000,-
422,42770000,34300000,42580000,34060000,25590000,33870000,-
423,48970000,38580000,-,42460000,32070000,-,-
424,88460000,73110000,-,63510000,48160000,-,-
425,81760000,65680000,78450000,61400000,45320000,58080000,-
426,83320000,62280000,81510000,69860000,48820000,68060000,-
427,64680000,55240000,64500000,41120000,31670000,40930000,-
428,47420000,35770000,-,46210000,34540000,-,-
429,71650000,61180000,-,53250000,42770000,-,-
430,66270000,51050000,-,59940000,44720000,-,-
431,43920000,37440000,42970000,27950000,21460000,26990000,-
432,27680000,24200000,28500000,16970000,13500000,17790000,-
433,22580000,20110000,23250000,13200000,10740000,13880000,-
434,26870000,23480000,27640000,14500000,11110000,15270000,-
435,40730000,38280000,41620000,12250000,9800000,13140000,-
436,47530000,43770000,48330000,14670000,10910000,15460000,-
437,19220000,16090000,20060000,14580000,11460000,15420000,-
438,27560000,24500000,28400000,13320000,10260000,14160000,-
439,28400000,24880000,29200000,13530000,10010000,14340000,-
440,19480000,15740000,20220000,16100000,12350000,16830000,-
441,44330000,40910000,45180000,16530000,13110000,17380000,-
442,23260000,16990000,-,20280000,14000000,-,-
443,19150000,16670000,-,12250000,9770000,-,-
444,21630000,18050000,22380000,16780000,13200000,17530000,-
445,31270000,27090000,31970000,21280000,17100000,21990000,-
446,26240000,21600000,26980000,17610000,12960000,18350000,-
447,33450000,25950000,31980000,30790000,23290000,29310000,-
448,59130000,56200000,59960000,20270000,17330000,21100000,-
449,18400000,14850000,19020000,16680000,13120000,17290000,-
450,62490000,53860000,60300000,37720000,29100000,35530000,-
451,19490000,14390000,20210000,17860000,12750000,18570000,-
452,26110000,22440000,-,17990000,14320000,-,-
453,35930000,29160000,-,29120000,22350000,-,-
454,26880000,20950000,-,24890000,18950000,-,-
455,26270000,20100000,-,25270000,19110000,-,-
456,26810000,20760000,-,25310000,19260000,-,-
457,32010000,28480000,38630000,15790000,12260000,22410000,-
458,19430000,14530000,20450000,16110000,11200000,17120000,-
459,20240000,16590000,-,12730000,9070000,-,6570000
460,30170000,26160000,-,15480000,11470000,-,-
461,26690000,23040000,-,13590000,9940000,-,7440000
462,26250000,22940000,28000000,13890000,10570000,15640000,-
463,42120000,38070000,-,14320000,10280000,-,7550000
464,30090000,25750000,31070000,15900000,11570000,16880000,-
465,25410000,21040000,26530000,15420000,11050000,16540000,-
466,20100000,17200000,-,11060000,8160000,-,6980000
467,9500000,6660000,-,9500000,6660000,-,4720000
468,20390000,17780000,-,10400000,7790000,-,6020000
469,24720000,20230000,-,15690000,11190000,-,-
470,22890000,20520000,-,10050000,7680000,-,6100000
471,19850000,17050000,-,10820000,8010000,-,6110000
472,27840000,24810000,-,11400000,8380000,-,6330000
473,31880000,28660000,-,12040000,8820000,-,6650000
474,9200000,6430000,-,9200000,6430000,-,4580000
475,58140000,50030000,-,31020000,22900000,-,-
476,35450000,30770000,-,18680000,14000000,-,-
477,27190000,23870000,-,12350000,9030000,-,6770000
478,17200000,14970000,-,9120000,6890000,-,5330000
479,15580000,13900000,-,7500000,5820000,-,4670000
480,18920000,16630000,-,9410000,7120000,-,5570000
481,43420000,40150000,-,17110000,13830000,-,-
482,31390000,25700000,-,19300000,13610000,-,-
483,24580000,19950000,26340000,16020000,11390000,17780000,-
484,31480000,26580000,-,18380000,13470000,-,-
485,27760000,23500000,-,15390000,11140000,-,8270000
486,45470000,39290000,-,24410000,18240000,-,-
487,10630000,7380000,-,10630000,7380000,-,5180000
488,14070000,9610000,-,14070000,9610000,-,6580000
489,42880000,38280000,-,20470000,15870000,-,-
490,38430000,35660000,-,12640000,9860000,-,6690000
491,26030000,23830000,-,10690000,8490000,-,5980000
492,13830000,10440000,-,13550000,10150000,-,6350000
493,20380000,15400000,21020000,20100000,15120000,20740000,-
494,10460000,7330000,-,10460000,7330000,-,5180000
495,19150000,14750000,-,18720000,14320000,-,-
496,12280000,8510000,-,12280000,8510000,-,5920000
497,28770000,19180000,27110000,28770000,19180000,27110000,-
498,20720000,14280000,21200000,20720000,14280000,21200000,-
499,12020000,9260000,12740000,12020000,9260000,12740000,-
500,15100000,10290000,15670000,15100000,10290000,15670000,-
501,24460000,18800000,24970000,23370000,17710000,23870000,-
502,14120000,9640000,14700000,14120000,9640000,14700000,-
503,18020000,12560000,18550000,18020000,12560000,18550000,-
504,17770000,12370000,18310000,17770000,12370000,18310000,-
505,9540000,6660000,-,9540000,6660000,-,4720000
506,15030000,11600000,15730000,14650000,11220000,15350000,-
507,19940000,13780000,-,19940000,13780000,-,-
508,14580000,10140000,15250000,14150000,9710000,14810000,-
509,17920000,13480000,18490000,17920000,13480000,18490000,-
510,20130000,15960000,20920000,17860000,13690000,18640000,-
511,14820000,10450000,15410000,14820000,10450000,15410000,-
512,11770000,8390000,-,11340000,7950000,-,5600000
513,22980000,17080000,23480000,22980000,17080000,23480000,-
514,34510000,27560000,33370000,28550000,21600000,27420000,-
515,16470000,12280000,17110000,15430000,11240000,16070000,-
516,15810000,12100000,16620000,15810000,12100000,16620000,-
517,23790000,17860000,24700000,23240000,17310000,24150000,-
518,14000000,10780000,14720000,12970000,9760000,13700000,-
519,16010000,12470000,16910000,14600000,11070000,15500000,-
520,19320000,14870000,20190000,18830000,14370000,19690000,-
521,22110000,15010000,-,21190000,14100000,-,-
522,19480000,15640000,20100000,17570000,13730000,18190000,-
523,22210000,17090000,22860000,20940000,15820000,21590000,-
524,20960000,15850000,21340000,19960000,14860000,20350000,-
525,22750000,17550000,23450000,21480000,16280000,22180000,-
526,29920000,19910000,28250000,29920000,19910000,28250000,-
527,26920000,20220000,25980000,26920000,20220000,25980000,-
528,14910000,11290000,15330000,14230000,10600000,14640000,-
529,23060000,16440000,23610000,21690000,15070000,22230000,-
530,32790000,25370000,33290000,22920000,15500000,23420000,-
531,20390000,16420000,21180000,16220000,12260000,17010000,-
532,34970000,28300000,33100000,30240000,23570000,28370000,-
533,27810000,20400000,28400000,23640000,16240000,24230000,-
534,43610000,37260000,44260000,23910000,17560000,24560000,-
535,33730000,26010000,34300000,25190000,17470000,25760000,-
536,42960000,34170000,41680000,29040000,20250000,27760000,-
537,54340000,44730000,52850000,34100000,24490000,32600000,-
538,29580000,21240000,28420000,26190000,17840000,25020000,-
539,18060000,13800000,18730000,16670000,12410000,17330000,-
540,29670000,23170000,30310000,21550000,15060000,22190000,-
541,15910000,11740000,16680000,13900000,9730000,14670000,-
542,18040000,13340000,18780000,15580000,10880000,16320000,-
543,22580000,18260000,23340000,15550000,11230000,16310000,-
544,48740000,41520000,49340000,28150000,20930000,28750000,-
545,38870000,32600000,37790000,28910000,22640000,27820000,-
546,45160000,37670000,43570000,33900000,26410000,32320000,-
547,30370000,24860000,31100000,23820000,18310000,24550000,-
548,29300000,20430000,27910000,28170000,19300000,26780000,-
549,23400000,18750000,24100000,19970000,15330000,20670000,-
550,46350000,40060000,-,35110000,28820000,-,-
551,28210000,23120000,-,22730000,17640000,-,-
552,46180000,38830000,44750000,31870000,24530000,30440000,-
553,18930000,14620000,19610000,17850000,13550000,18540000,-
554,21740000,16420000,-,21330000,16020000,-,-
555,15370000,11850000,16090000,14940000,11420000,15660000,-
556,31600000,25680000,32280000,20180000,14260000,20850000,-
557,38720000,31100000,37380000,31430000,23810000,30090000,-
558,18800000,14650000,19150000,16280000,12130000,16630000,-
559,35430000,27690000,-,24850000,17110000,-,-
560,36060000,28260000,34700000,30440000,22640000,29090000,-
561,32090000,25050000,32700000,24910000,17870000,25520000,-
562,40840000,31250000,-,34450000,24850000,-,-
563,43880000,36820000,42730000,30120000,23060000,28970000,-
564,28480000,22280000,27430000,24930000,18730000,23870000,-
565,40090000,32590000,38790000,30210000,22710000,28910000,-
566,32130000,25200000,30050000,32130000,25200000,30050000,-
567,30320000,23540000,29230000,26990000,20210000,25900000,-
568,55680000,50900000,56420000,24870000,20090000,25600000,-
569,64130000,56400000,64700000,26370000,18640000,26940000,-
570,34750000,25830000,33430000,29100000,20180000,27780000,-
571,23770000,19070000,24480000,18590000,13890000,19300000,-
572,47950000,36930000,46300000,39190000,28170000,37530000,-
573,13040000,9680000,-,13040000,9680000,-,6090000
574,21810000,16660000,-,20710000,15560000,-,-
575,12060000,9150000,-,11740000,8820000,-,-
576,28270000,24080000,-,16520000,12330000,-,-
577,18870000,14010000,-,18620000,13760000,-,8470000
578,14680000,11020000,-,14440000,10770000,-,6840000
579,13650000,10260000,-,13410000,10010000,-,8830000
580,11330000,8740000,-,10750000,8170000,-,5350000
581,7230000,5620000,-,7230000,5620000,-,3760000
582,12880000,10050000,-,12130000,9300000,-,6040000
583,35450000,30140000,-,23080000,17770000,-,-
584,19320000,17540000,20220000,10110000,8330000,11010000,-
585,21820000,18940000,22450000,13110000,10230000,13740000,-
586,20290000,17160000,-,14310000,11180000,-,-
587,35560000,29230000,-,26460000,20130000,-,-
588,39230000,31970000,38020000,28740000,21480000,27530000,-
589,39970000,32470000,40550000,26510000,19010000,27100000,-
590,26870000,23070000,27360000,17300000,13500000,17790000,-
591,21710000,16410000,-,21240000,15930000,-,-
592,41680000,37670000,-,23280000,19260000,-,-
593,28520000,21810000,-,27150000,20430000,-,-
594,20950000,14090000,21410000,20950000,14090000,21410000,-
595,31080000,26920000,31880000,18210000,14040000,19000000,-
596,20460000,15990000,21250000,15630000,11160000,16420000,-
597,29100000,24710000,29910000,18490000,14100000,19290000,-
598,16840000,12090000,-,15610000,10860000,-,-
599,18890000,14490000,19690000,14640000,10240000,15440000,-
600,18050000,14130000,18890000,13680000,9760000,14520000,-
601,19610000,14370000,20320000,17010000,11760000,17710000,-
602,25150000,19520000,25840000,20060000,14430000,20750000,-
603,28030000,19360000,28640000,23870000,15200000,24480000,-
604,24590000,20700000,25420000,15000000,11100000,15820000,-
605,37310000,32080000,38090000,20820000,15590000,21600000,-
606,37870000,33380000,38550000,23130000,18640000,23810000,-
607,25140000,20730000,25930000,16760000,12360000,17560000,-
608,19860000,15860000,20690000,14470000,10470000,15290000,-
609,13490000,9650000,-,12540000,8700000,-,-
610,9740000,6810000,-,9740000,6810000,-,-
611,13730000,9980000,-,13370000,9620000,-,-
612,18700000,15230000,-,13870000,10400000,-,-
613,16770000,12550000,-,16770000,12550000,-,7730000
614,16080000,12060000,-,16080000,12060000,-,7420000
615,14810000,10950000,-,14810000,10950000,-,6800000
616,11760000,8110000,12400000,11760000,8110000,12400000,-
617,13380000,9180000,14010000,13380000,9180000,14010000,-
618,19420000,16200000,20280000,11810000,8590000,12670000,-
619,21380000,17500000,22220000,13770000,9890000,14610000,-
620,20340000,16070000,21160000,14910000,10630000,15730000,-
621,52060000,47760000,52860000,20890000,16590000,21680000,-
622,13330000,9150000,13940000,13330000,9150000,13940000,-
623,11870000,8540000,12550000,11870000,8540000,12550000,-
624,19370000,15260000,-,16630000,12530000,-,8100000
625,24740000,21100000,25590000,14010000,10370000,14850000,-
626,29590000,24460000,30240000,21700000,16570000,22350000,-
627,21590000,16140000,22360000,17720000,12270000,18480000,-
628,34200000,28160000,34920000,21260000,15220000,21980000,-
629,37700000,31340000,38430000,22670000,16300000,23390000,-
630,14620000,11020000,15470000,12480000,8880000,13330000,-
631,36060000,30940000,36700000,23990000,18870000,24630000,-
632,20640000,16780000,21470000,14060000,10200000,14890000,-
633,31470000,24060000,30110000,29430000,22020000,28060000,-
634,23270000,18270000,23930000,21030000,16020000,21680000,-
635,15020000,10860000,15830000,13790000,9640000,14600000,-
636,10580000,8200000,-,10210000,7840000,-,-
637,11090000,8040000,-,11090000,8040000,-,-
638,10770000,7670000,-,10410000,7300000,-,-
639,16180000,11940000,-,16180000,11940000,-,7370000
640,16820000,12400000,-,16820000,12400000,-,7620000
641,15400000,10490000,16030000,15400000,10490000,16030000,-
642,25380000,21550000,26210000,14600000,10770000,15430000,-
643,13380000,9180000,14010000,13380000,9180000,14010000,-
644,24910000,20640000,25710000,15120000,10850000,15910000,-
645,12640000,8690000,13310000,12640000,8690000,13310000,-
646,54050000,47570000,52190000,34610000,28130000,32760000,-
647,18110000,13430000,18930000,15650000,10970000,16480000,-
648,55330000,49420000,55920000,28920000,23000000,29500000,-
649,32110000,26780000,-,20710000,15380000,-,-
650,54350000,49570000,-,26380000,21600000,-,-
651,30460000,25950000,-,17780000,13270000,-,-
652,24130000,19100000,24900000,17940000,12910000,18710000,-
653,38650000,31630000,39260000,26460000,19440000,27070000,-
654,17180000,13560000,18010000,12750000,9120000,13580000,-
655,13970000,10370000,14630000,13970000,10370000,14630000,-
656,15840000,11710000,16470000,15840000,11710000,16470000,-
657,20950000,16880000,21730000,15520000,11450000,16290000,-
658,21100000,16680000,21880000,15360000,10950000,16140000,-
659,26010000,21010000,26750000,20280000,15270000,21020000,-
660,36500000,32030000,37300000,18210000,13750000,19010000,-
661,22170000,17260000,22900000,16800000,11890000,17520000,-
662,21030000,17870000,21820000,14700000,11530000,15480000,-
663,12440000,8780000,13170000,12080000,8410000,12810000,-
664,12270000,8810000,12960000,12270000,8810000,12960000,-
665,23580000,20120000,24340000,16780000,13310000,17530000,-
666,13830000,10730000,14520000,12920000,9820000,13610000,-
667,13770000,10040000,-,13270000,9540000,-,-
668,15640000,11560000,-,15640000,11560000,-,7150000
669,13740000,9760000,14350000,13740000,9760000,14350000,-
670,14120000,10490000,-,14120000,10490000,-,6520000
671,18950000,14240000,19460000,18950000,14240000,19460000,-
672,24380000,19800000,25170000,15820000,11240000,16610000,-
673,27180000,22410000,27950000,18360000,13600000,19140000,-
674,38520000,33140000,39280000,20630000,15250000,21390000,-
675,13000000,9300000,13650000,13000000,9300000,13650000,-
676,30120000,25610000,30900000,15300000,10780000,16080000,-
677,30730000,24050000,29510000,26850000,20170000,25630000,-
678,13530000,9260000,14160000,13530000,9260000,14160000,-
679,22580000,18150000,23380000,15920000,11500000,16730000,-
680,25350000,20590000,26120000,17980000,13220000,18760000,-
681,18900000,15010000,-,17940000,14060000,-,7750000
682,17810000,13480000,-,16860000,12520000,-,7800000
683,19690000,14860000,20350000,18530000,13710000,19200000,-
684,23930000,19920000,24740000,14420000,10410000,15230000,-
685,19510000,14970000,20100000,18140000,13600000,18730000,-
686,26960000,21300000,-,23490000,17830000,-,-
687,40950000,32810000,-,33030000,24890000,-,-
688,16330000,12060000,16870000,16330000,12060000,16870000,-
689,33940000,27510000,-,31750000,25320000,-,-
690,15110000,10720000,-,14160000,9770000,-,-
691,40350000,33280000,41050000,24870000,17800000,25580000,-
692,32270000,27500000,32940000,21530000,16760000,22200000,-
693,17410000,12490000,18110000,16770000,11850000,17460000,-
694,21390000,17450000,22210000,15200000,11260000,16020000,-
695,14940000,11310000,15800000,13510000,9880000,14370000,-
696,22300000,17730000,23100000,15830000,11260000,16630000,-
697,35890000,31530000,36600000,19790000,15420000,20490000,-
698,28670000,23090000,29280000,23360000,17780000,23970000,-
699,31090000,26990000,31880000,17780000,13680000,18560000,-
700,34470000,29090000,35100000,23160000,17790000,23800000,-
701,30890000,24930000,31610000,20910000,14940000,21630000,-
702,25970000,21330000,26710000,19180000,14540000,19920000,-
703,27780000,23600000,28590000,17350000,13170000,18160000,-
704,27180000,21900000,27890000,19010000,13730000,19720000,-
705,26010000,20810000,26790000,18430000,13230000,19210000,-
706,49140000,43510000,49740000,28590000,22960000,29190000,-
707,28870000,23950000,29650000,19380000,14460000,20160000,-
708,41720000,38000000,42470000,20920000,17190000,21660000,-
709,23050000,18460000,23860000,17040000,12450000,17850000,-
710,42890000,38360000,43580000,23600000,19070000,24280000,-
711,22920000,19510000,23690000,16130000,12720000,16900000,-
712,24890000,21390000,25650000,16650000,13160000,17420000,-
713,24600000,20530000,25420000,15570000,11500000,16390000,-
714,31910000,28740000,32910000,14380000,11210000,15380000,-
715,56270000,53950000,57080000,12900000,10570000,13710000,-
716,16500000,12790000,17340000,13230000,9510000,14070000,-
717,22230000,17730000,23020000,16380000,11880000,17180000,-
718,22160000,18820000,22950000,14450000,11110000,15240000,-
719,53950000,48580000,54690000,27000000,21620000,27730000,-
720,17130000,12900000,-,17130000,12900000,-,-
721,12360000,9240000,-,11600000,8480000,-,-
722,13940000,10370000,14790000,12230000,8650000,13070000,-
723,13880000,10110000,-,13470000,9700000,-,-
724,11300000,8070000,-,10800000,7570000,-,-
725,15150000,11000000,15870000,14510000,10350000,15230000,-
726,12860000,9190000,13510000,12860000,9190000,13510000,-
727,16890000,12750000,-,16890000,12750000,-,-
728,16820000,13110000,17660000,12700000,8990000,13540000,-
729,25160000,20890000,25870000,17660000,13380000,18370000,-
730,19850000,15900000,20690000,13740000,9790000,14580000,-
731,30010000,25000000,30670000,21140000,16120000,21800000,-
732,23810000,19460000,24520000,17750000,13400000,18460000,-
733,27160000,22750000,27980000,16110000,11690000,16920000,-
734,32050000,27030000,32810000,17990000,12980000,18750000,-
735,35140000,30370000,36140000,21090000,16310000,22090000,-
736,34970000,30130000,35630000,21810000,16970000,22470000,-
737,37470000,33380000,38230000,19830000,15740000,20590000,-
738,30560000,25210000,31320000,20010000,14670000,20780000,-
739,21290000,17070000,22100000,14630000,10410000,15440000,-
740,22960000,18490000,23760000,15350000,10890000,16150000,-
741,22920000,18830000,23630000,17210000,13120000,17920000,-
742,19470000,15980000,20240000,14680000,11190000,15440000,-
743,22010000,18650000,22730000,16930000,13570000,17650000,-
744,21230000,16900000,21940000,17440000,13110000,18150000,-
745,31360000,26590000,32160000,17440000,12670000,18240000,-
746,22780000,18810000,23610000,15170000,11200000,16000000,-
747,37030000,32110000,37810000,18640000,13720000,19420000,-
748,25990000,21900000,26790000,15360000,11270000,16160000,-
749,28210000,24140000,29030000,15570000,11500000,16390000,-
750,32770000,27520000,33530000,17060000,11810000,17820000,-
751,36480000,31020000,37090000,23760000,18300000,24370000,-
752,24700000,21300000,-,15780000,12380000,-,-
753,43800000,38410000,44550000,18160000,12770000,18920000,-
754,44360000,39070000,45070000,25510000,20220000,26220000,-
755,33420000,29040000,34140000,14180000,9800000,14910000,-
756,25250000,20700000,25930000,18680000,14120000,19360000,-
757,22620000,18040000,23200000,18340000,13770000,18930000,-
758,17260000,13290000,17990000,12980000,9020000,13720000,-
759,33830000,29100000,34600000,16130000,11410000,16910000,-
760,36630000,31640000,37320000,16020000,11030000,16720000,-
761,35180000,30350000,35840000,21140000,16320000,21800000,-
762,36520000,31100000,37280000,19590000,14160000,20340000,-
763,38340000,34290000,39050000,17790000,13740000,18500000,-
764,47660000,41680000,48350000,27050000,21070000,27740000,-
765,26180000,21150000,26800000,16160000,11130000,16780000,-
766,44100000,39370000,44780000,15410000,10680000,16090000,-
767,11170000,7730000,11850000,11170000,7730000,11850000,-
768,16100000,12180000,16670000,16100000,12180000,16670000,-
769,13790000,9800000,14460000,13790000,9800000,14460000,-
770,15570000,11810000,16400000,14020000,10260000,14850000,-
771,25790000,19520000,26520000,21880000,15610000,22610000,-
772,21990000,17580000,22780000,16220000,11810000,17010000,-
773,12660000,9040000,13320000,12660000,9040000,13320000,-
774,18360000,15050000,19120000,14810000,11500000,15580000,-
775,9890000,7460000,-,9890000,7460000,-,4910000
776,14510000,10750000,-,14510000,10750000,-,6690000
777,10560000,8110000,-,10060000,7610000,-,5000000
778,12790000,9530000,-,12790000,9530000,-,5980000
779,13180000,9800000,-,13180000,9800000,-,6140000
780,11840000,8900000,-,11840000,8900000,-,5700000
781,10280000,7730000,-,10280000,7730000,-,5160000
782,9990000,7610000,-,9990000,7610000,-,4910000
783,9630000,7290000,-,9630000,7290000,-,4770000
784,10130000,7610000,-,10130000,7610000,-,4200000
785,9580000,7250000,-,9580000,7250000,-,4770000
786,11250000,8470000,-,11250000,8470000,-,5540000
787,13530000,10220000,-,13530000,10220000,-,7040000
788,22670000,18990000,23510000,13060000,9380000,13900000,-
789,13480000,9260000,-,13480000,9260000,-,-
790,24000000,19870000,24800000,14390000,10260000,15180000,-
791,26960000,22670000,27770000,15850000,11560000,16650000,-
792,35940000,30320000,36540000,24210000,18590000,24810000,-
793,31740000,27350000,32430000,18600000,14200000,19290000,-
794,25790000,21640000,26600000,15400000,11250000,16210000,-
795,12150000,8380000,12800000,12150000,8380000,12800000,-
796,31070000,25810000,31850000,19090000,13830000,19870000,-
797,26670000,23020000,27410000,17280000,13630000,18020000,-
798,11660000,8800000,12290000,11660000,8800000,12290000,-
799,23800000,21250000,24680000,11040000,8490000,11920000,-
800,33540000,28510000,34320000,17260000,12220000,18030000,-
801,22500000,16930000,23150000,17980000,12410000,18630000,-
802,16530000,12210000,17130000,16530000,12210000,17130000,-
803,18570000,12710000,19200000,18320000,12460000,18950000,-
804,11200000,7990000,11990000,10700000,7490000,11490000,-
805,14480000,10260000,15120000,14480000,10260000,15120000,-
806,14960000,11320000,-,13240000,9600000,-,-
807,15750000,12290000,-,12440000,8980000,-,-
808,20820000,16480000,-,15460000,11120000,-,-
809,12630000,9840000,-,11500000,8710000,-,-
810,28470000,23810000,29250000,17030000,12370000,17810000,-
811,31140000,26040000,31920000,18360000,13270000,19140000,-
812,28510000,23920000,29190000,20870000,16280000,21540000,-
813,35980000,31330000,36650000,20060000,15410000,20730000,-
814,42540000,37360000,43170000,24110000,18930000,24740000,-
815,29650000,24240000,30420000,20370000,14960000,21140000,-
816,33310000,26240000,-,28720000,21650000,-,-
817,38010000,31770000,36930000,26270000,20030000,25200000,-
818,39680000,33650000,40260000,25850000,19810000,26420000,-
819,21050000,16790000,21860000,15720000,11470000,16530000,-
820,53620000,45390000,52090000,34530000,26300000,33000000,-
821,30510000,24030000,28940000,30040000,23550000,28460000,-
822,29640000,22150000,28270000,27800000,20310000,26420000,-
823,28620000,20830000,27050000,28620000,20830000,27050000,-
824,19270000,13700000,19870000,17530000,11970000,18130000,-
825,33290000,25080000,31670000,31440000,23230000,29820000,-
826,43190000,29680000,40810000,43190000,29680000,40810000,-
827,27880000,18680000,26490000,26940000,17740000,25550000,-
828,33870000,26100000,32400000,28920000,21150000,27450000,-
829,24880000,18060000,-,21900000,15070000,-,-
830,20760000,15850000,-,19940000,15030000,-,-
831,28610000,23360000,29240000,22920000,17680000,23550000,-
832,41510000,33920000,40000000,32960000,25360000,31440000,-
833,47670000,40880000,48290000,26870000,20080000,27490000,-
834,32370000,26210000,30460000,30800000,24630000,28880000,-
835,21740000,16150000,22550000,21740000,16150000,22550000,-
836,27710000,22130000,28240000,22510000,16930000,23040000,-
837,47940000,40350000,46430000,39520000,31920000,38010000,-
838,36780000,28540000,35240000,32590000,24340000,31040000,-
839,34780000,25900000,-,34780000,25900000,-,-
840,38400000,30750000,-,37920000,30270000,-,-
841,32010000,24570000,-,29870000,22430000,-,-
842,30330000,22960000,-,29590000,22210000,-,-
843,37290000,28040000,-,35330000,26080000,-,-
844,19440000,14460000,-,19160000,14180000,-,8180000
845,25890000,19390000,24830000,25420000,18920000,24360000,-
846,16460000,11230000,-,16460000,11230000,-,7670000
847,25140000,19110000,-,24720000,18690000,-,-
848,15630000,10700000,-,15630000,10700000,-,7310000
849,42580000,29280000,40240000,42580000,29280000,40240000,-
850,30110000,20450000,28430000,30110000,20450000,28430000,-
851,27800000,20560000,26420000,27800000,20560000,26420000,-
852,20510000,13590000,20970000,20510000,13590000,20970000,-
853,37140000,29610000,35480000,37140000,29610000,35480000,-
854,20610000,13890000,21070000,20610000,13890000,21070000,-
855,23080000,15850000,23510000,23080000,15850000,23510000,-
856,21890000,14740000,22320000,21890000,14740000,22320000,-
857,24640000,16500000,-,24640000,16500000,-,10950000
858,19200000,14400000,19740000,19200000,14400000,19740000,-
859,30340000,21900000,-,30340000,21900000,-,-
860,22670000,15230000,23090000,22670000,15230000,23090000,-
861,28690000,21180000,27200000,28690000,21180000,27200000,-
862,20620000,15430000,21170000,20620000,15430000,21170000,-
863,17920000,12480000,18450000,17920000,12480000,18450000,-
864,17260000,11710000,-,17260000,11710000,-,7920000
865,32540000,23930000,30430000,32540000,23930000,30430000,-
866,34770000,26840000,33350000,31380000,23450000,29970000,-
867,20120000,14780000,20570000,20120000,14780000,20570000,-
868,19350000,14700000,20180000,19350000,14700000,20180000,-
869,24110000,17990000,23380000,23780000,17670000,23060000,-
870,20160000,14810000,20720000,20160000,14810000,20720000,-
871,18750000,14170000,19650000,18280000,13690000,19180000,-
872,24360000,18560000,25270000,23840000,18040000,24750000,-
873,24020000,18460000,-,23110000,17550000,-,-
874,25250000,18930000,25810000,24780000,18460000,25330000,-
875,28690000,21180000,27200000,28690000,21180000,27200000,-
876,28290000,21180000,27240000,28290000,21180000,27240000,-
877,25690000,19030000,24480000,25690000,19030000,24480000,-
878,30360000,20490000,28730000,30360000,20490000,28730000,-
879,29520000,20260000,28360000,29520000,20260000,28360000,-
880,20820000,15710000,20200000,19500000,14390000,18870000,-
881,26410000,18630000,26880000,25030000,17250000,25510000,-
882,60030000,50950000,57900000,31780000,22700000,29660000,-
883,28920000,21060000,27250000,28920000,21060000,27250000,-
884,36400000,26430000,32470000,36400000,26430000,32470000,-
885,29730000,20160000,28160000,28950000,19380000,27380000,-
886,45510000,35630000,43930000,32270000,22400000,30700000,-
887,38120000,26430000,35640000,35350000,23660000,32880000,-
888,29200000,20790000,29350000,29200000,20790000,29350000,-
889,31350000,19980000,29150000,31350000,19980000,29150000,-
890,40220000,28510000,37820000,35920000,24210000,33520000,-
891,20710000,15200000,21230000,20710000,15200000,21230000,-
892,28620000,19100000,26980000,28620000,19100000,26980000,-
893,20460000,13780000,20920000,20460000,13780000,20920000,-
894,17560000,11900000,18080000,17560000,11900000,18080000,-
895,18780000,13130000,19370000,17790000,12150000,18390000,-
896,28130000,18760000,26530000,28130000,18760000,26530000,-
897,31670000,25200000,29540000,31670000,25200000,29540000,-
898,37170000,27830000,34480000,37170000,27830000,34480000,-
899,28240000,18570000,26800000,28240000,18570000,26800000,-
900,32870000,24060000,30850000,31740000,22940000,29720000,-
901,28960000,21810000,27670000,27830000,20680000,26550000,-
902,38420000,30720000,-,38050000,30340000,-,-
903,33830000,26060000,-,31040000,23270000,-,-
904,44150000,32700000,40260000,44150000,32700000,40260000,-
905,25910000,19480000,24870000,25160000,18730000,24120000,-
906,32670000,24430000,-,31580000,23340000,-,-
907,23230000,17440000,23820000,22910000,17120000,23490000,-
908,36010000,25680000,34360000,36010000,25680000,34360000,-
909,36480000,26750000,34000000,36480000,26750000,34000000,-
910,40200000,30790000,-,29610000,20210000,-,-
911,30440000,24000000,28830000,30440000,24000000,28830000,-
912,35620000,27580000,34530000,27730000,19690000,26640000,-
913,44650000,34060000,-,38260000,27670000,-,-
914,41500000,32870000,39550000,33920000,25290000,31970000,-
915,36970000,27740000,34480000,35240000,26010000,32750000,-
916,67090000,59160000,65710000,42790000,34860000,41410000,-
917,43640000,31870000,39810000,43640000,31870000,39810000,-
918,32860000,24150000,30710000,32860000,24150000,30710000,-
919,21410000,15970000,21980000,21410000,15970000,21980000,-
920,85810000,73690000,83290000,39670000,27550000,37150000,-
921,45980000,35840000,44530000,37710000,27570000,36260000,-
922,25670000,18720000,24370000,25670000,18720000,24370000,-
923,47950000,36930000,46300000,39190000,28170000,37530000,-
924,15440000,11440000,-,15440000,11440000,-,7070000
925,30880000,23460000,-,28740000,21320000,-,-
926,19240000,14270000,-,18960000,13990000,-,-
927,18750000,13930000,-,18420000,13610000,-,-
928,23000000,16960000,-,22750000,16710000,-,10140000
929,19310000,14220000,-,19310000,14220000,-,8710000
930,29480000,23120000,-,29240000,22880000,-,13610000
931,16580000,12650000,-,15490000,11550000,-,7270000
932,18490000,13780000,-,18490000,13780000,-,8410000
933,19950000,14870000,-,19950000,14870000,-,9090000
934,20950000,15360000,20130000,20950000,15360000,20130000,-
935,28680000,21420000,-,28150000,20890000,-,-
936,52900000,43880000,-,37050000,28030000,-,-
937,42530000,33710000,40430000,32660000,23840000,30550000,-
938,43350000,29810000,40960000,43350000,29810000,40960000,-
939,37810000,32170000,37140000,23820000,18170000,23140000,-
940,25710000,19360000,-,24970000,18610000,-,-
941,29970000,23510000,-,29970000,23510000,-,-
942,37750000,29240000,-,32790000,24290000,-,-
943,44140000,36850000,-,30340000,23060000,-,-
944,42060000,34000000,43100000,30830000,22780000,31880000,-
945,42510000,35690000,43140000,30370000,23540000,30990000,-
946,35350000,28030000,36820000,30710000,23400000,32180000,-
947,40690000,30170000,40170000,40690000,30170000,40170000,-
948,23400000,17170000,24520000,21760000,15520000,22870000,-
949,30750000,23950000,31680000,27500000,20700000,28420000,-
950,43810000,30490000,45600000,41210000,27890000,42990000,-
951,43000000,32730000,42540000,39250000,28980000,38790000,-
952,57700000,42560000,57880000,46600000,31460000,46770000,-
953,53340000,40600000,55270000,41570000,28830000,43500000,-
954,50100000,39210000,52020000,36060000,25160000,37980000,-
955,30340000,23480000,31270000,27650000,20790000,28580000,-
956,31520000,25020000,33300000,28640000,22140000,30410000,-
957,46630000,32780000,-,44850000,31000000,-,-
958,55360000,42030000,55240000,41360000,28020000,41230000,-
959,54820000,47300000,54900000,32130000,24600000,32210000,-
960,75260000,60530000,75330000,48400000,33670000,48460000,-
961,52910000,38560000,52970000,45470000,31120000,45540000,-
962,51520000,37020000,51700000,45880000,31370000,46050000,-
963,39200000,27150000,40960000,37620000,25570000,39380000,-
964,62070000,45330000,61930000,53000000,36280000,52860000,-
965,43930000,30810000,44030000,40720000,27600000,40820000,-
966,45400000,32720000,47210000,41730000,29060000,43550000,-
967,99970000,81450000,96760000,67840000,49320000,64620000,-
968,46170000,33880000,47980000,39030000,26750000,40850000,-
969,42770000,30880000,44610000,37740000,25840000,39580000,-
970,47800000,35800000,49700000,39170000,27170000,41070000,-
971,77300000,59980000,75470000,57900000,40580000,56070000,-
972,51720000,35490000,51420000,49650000,33440000,49370000,-
973,24700000,18970000,25770000,23210000,17490000,24280000,-
974,39840000,28430000,41660000,37940000,26530000,39760000,-
975,41010000,30970000,42820000,32940000,22900000,34750000,-
976,50870000,36750000,50980000,46510000,32390000,46620000,-
977,40340000,31740000,41670000,36230000,27640000,37570000,-
978,31910000,23290000,33720000,29290000,20670000,31100000,-
979,43260000,30950000,45080000,39060000,26750000,40880000,-
980,41590000,28750000,43380000,39820000,26980000,41600000,-
981,82780000,65830000,81090000,58910000,41970000,57220000,-
982,64260000,49110000,64520000,51410000,36270000,51660000,-
983,42350000,31290000,44240000,36740000,25670000,38620000,-
984,40680000,29000000,42610000,39230000,27550000,41140000,-
985,45450000,31190000,45600000,44130000,29870000,44280000,-
986,47030000,33110000,-,44580000,30660000,-,-
987,43400000,30890000,45140000,38680000,26170000,40420000,-
988,44330000,31240000,46150000,41090000,28000000,42910000,-
989,41120000,29970000,-,37210000,26060000,-,-
990,37200000,28200000,36940000,34680000,25680000,34420000,-
991,39940000,26940000,41580000,39940000,26940000,41580000,-
992,58820000,50320000,53280000,34340000,25840000,28800000,-
993,43390000,32940000,44700000,40060000,29610000,41370000,-
994,60130000,45550000,60170000,45410000,30820000,45440000,-
995,89430000,71630000,87160000,63200000,45400000,60940000,-
996,56030000,43560000,55370000,48830000,36360000,48170000,-
997,64480000,48570000,63920000,54600000,38700000,54040000,-
998,46210000,35190000,48070000,36200000,25180000,38060000,-
999,57010000,42490000,57220000,47870000,33340000,48070000,-
1000,26420000,23800000,27060000,12620000,10010000,13270000,-
1001,-,-,-,-,-,-,-
1002,24710000,21680000,25130000,14410000,11380000,14830000,-
1003,-,-,-,-,-,-,-
1004,16350000,12370000,16990000,16350000,12370000,16990000,-
1005,10930000,8480000,11510000,10110000,7660000,10680000,-
1006,15170000,12420000,15790000,11920000,9170000,12530000,-
1007,19780000,13740000,20670000,18830000,12790000,19710000,-
1008,18920000,14370000,19240000,17560000,13010000,17880000,-
1009,27820000,20610000,28760000,22270000,15060000,23200000,-
1010,28580000,23130000,29590000,19140000,13690000,20150000,-
1011,28730000,24700000,29740000,14940000,10900000,15950000,-
1012,14980000,12090000,15600000,12290000,9400000,12910000,-
1013,16240000,13020000,16810000,13360000,10140000,13920000,-
1014,19220000,13700000,-,18390000,12870000,-,-
1015,22290000,16500000,22810000,18160000,12360000,18670000,-
1016,27750000,24670000,28180000,14930000,11850000,15360000,-
1017,30170000,24110000,31110000,20400000,14340000,21330000,-
1018,27530000,21560000,28500000,20090000,14120000,21070000,-
1019,20730000,15000000,21740000,18480000,12740000,19480000,-
1020,18200000,12990000,19100000,16620000,11410000,17520000,-
1021,30530000,23730000,31530000,22910000,16120000,23910000,-
1022,16640000,11760000,17530000,15490000,10610000,16380000,-
1023,18500000,13440000,19410000,17220000,12170000,18140000,-
1024,60850000,52170000,59450000,33670000,24990000,32270000,-
1025,23600000,18720000,24580000,16460000,11590000,17450000,-
1026,21250000,16120000,22210000,16900000,11770000,17870000,-
1027,23600000,18670000,24600000,17210000,12280000,18210000,-
1028,48580000,40840000,47940000,29180000,21440000,28540000,-
1029,20610000,14420000,21510000,19370000,13190000,20280000,-
1030,11040000,8550000,11630000,10290000,7810000,10880000,-
1031,19650000,14020000,20540000,18700000,13070000,19590000,-
1032,24980000,20060000,25950000,16910000,11990000,17880000,-
1033,26060000,21600000,26850000,18480000,14020000,19270000,-
1034,24690000,18870000,25680000,20330000,14510000,21320000,-
1035,20310000,16730000,21090000,16200000,12630000,16990000,-
1036,16910000,13070000,17910000,14290000,10450000,15290000,-
1037,21670000,16440000,22670000,17470000,12240000,18470000,-
1038,17290000,12000000,18180000,16610000,11320000,17490000,-
1039,55270000,47110000,54570000,31400000,23250000,30700000,-
1040,33790000,26890000,34790000,24330000,17430000,25320000,-
1041,20040000,15630000,21010000,16160000,11750000,17130000,-
1042,17940000,13240000,18970000,16670000,11970000,17690000,-
1043,19980000,13780000,20910000,19410000,13210000,20340000,-
1044,20040000,14390000,-,18940000,13290000,-,-
1045,21270000,16040000,22180000,16550000,11320000,17460000,-
1046,22890000,16810000,23890000,19650000,13570000,20650000,-
1047,18580000,13550000,-,17030000,12000000,-,-
1048,-,-,-,-,-,-,-
1049,17560000,11900000,18370000,17560000,11900000,18370000,-
1050,31190000,27380000,31690000,16330000,12510000,16830000,-
1051,22090000,17320000,22840000,18760000,13990000,19510000,-
1052,31180000,25570000,32170000,18190000,12570000,19180000,-
1053,43880000,34450000,42930000,31120000,21690000,30170000,-
1054,28280000,23040000,28980000,21080000,15840000,21780000,-
1055,27530000,20030000,28410000,24110000,16610000,24990000,-
1056,26640000,21980000,27640000,16630000,11970000,17630000,-
1057,29200000,22800000,30220000,22020000,15610000,23030000,-
1058,33050000,28620000,33740000,20910000,16480000,21590000,-
1059,62610000,56450000,61570000,29380000,23210000,28340000,-
1060,107140000,99070000,105160000,34660000,26590000,32680000,-
1061,53790000,48190000,54390000,25500000,19910000,26100000,-
1062,51620000,43220000,49510000,36420000,28030000,34320000,-
1063,29640000,23890000,30230000,24530000,18780000,25120000,-
1064,29250000,23410000,29920000,21330000,15490000,22010000,-
1065,61290000,51270000,57190000,41160000,31140000,37060000,-
1066,101730000,89630000,97430000,50760000,38660000,46460000,-
1067,69730000,61460000,-,40200000,31930000,-,-
1068,69600000,63680000,70180000,33420000,27500000,34010000,-
1069,29740000,25700000,30750000,21210000,17170000,22220000,-
1070,59250000,51400000,57920000,41230000,33390000,39900000,-
1071,15770000,12000000,16550000,15770000,12000000,16550000,-
1072,81150000,71210000,78630000,44430000,34490000,41910000,-
1073,64330000,58000000,65000000,31860000,25530000,32530000,-
1074,85320000,76650000,83120000,41610000,32930000,39410000,-
1075,46850000,40230000,45650000,29790000,23180000,28600000,-
1076,44630000,40650000,-,18570000,14590000,-,-
1077,51510000,45400000,52160000,25460000,19340000,26100000,-
1078,23860000,20570000,24860000,17300000,14010000,18310000,-
1079,28760000,24830000,29750000,20520000,16590000,21510000,-
1080,56110000,50840000,-,28280000,23010000,-,-
1081,36570000,31180000,-,25060000,19660000,-,-
1082,36820000,31140000,37510000,25300000,19620000,25990000,-
1083,42380000,35990000,-,34200000,27810000,-,-
1084,31030000,26160000,31680000,21510000,16650000,22170000,-
1085,73330000,68220000,73970000,28970000,23860000,29610000,-
1086,63260000,54850000,61150000,37320000,28920000,35210000,-
1087,113320000,101680000,-,56110000,44470000,-,-
1088,83140000,72800000,81640000,45550000,35200000,44050000,-
1089,42490000,35770000,43120000,26890000,20170000,27520000,-
1090,65400000,57190000,63370000,38090000,29870000,36050000,-
1091,36560000,30940000,-,26710000,21090000,-,-
1092,98010000,86370000,94210000,50910000,39270000,47100000,-
1093,36140000,29520000,34940000,27770000,21150000,26580000,-
1094,50340000,43940000,49220000,31020000,24620000,29900000,-
1095,49460000,43230000,50120000,29590000,23360000,30250000,-
1096,89980000,81140000,87720000,39680000,30850000,37430000,-
1097,85190000,74140000,81620000,50930000,39880000,47360000,-
1098,34670000,29850000,35350000,22060000,17240000,22730000,-
1099,53810000,47010000,52650000,30560000,23760000,29400000,-
1100,56100000,47520000,54870000,31550000,22970000,30320000,-
1101,55890000,49200000,54760000,31600000,24910000,30470000,-
1102,45970000,40500000,46600000,24800000,19330000,25420000,-
1103,77700000,68230000,75200000,42200000,32730000,39700000,-
1104,59520000,50520000,-,40440000,31430000,-,-
1105,52800000,45270000,51400000,31560000,24030000,30160000,-
1106,30860000,26210000,31540000,20220000,15570000,20900000,-
1107,40960000,34690000,41540000,26800000,20530000,27370000,-
1108,44790000,37570000,43610000,30100000,22880000,28910000,-
1109,63540000,54650000,61260000,39480000,30590000,37200000,-
1110,43430000,38250000,-,25360000,20180000,-,-
1111,72450000,64510000,70820000,37290000,29350000,35660000,-
1112,52720000,47130000,-,28090000,22490000,-,-
1113,74570000,65960000,72380000,39450000,30840000,37260000,-
1114,54530000,47480000,53190000,31810000,24760000,30470000,-
1115,95730000,90270000,96350000,23970000,18510000,24580000,-
1116,38610000,33820000,39270000,22390000,17600000,23050000,-
1117,74010000,65830000,71990000,37980000,29810000,35960000,-
1118,16430000,13260000,17030000,14030000,10850000,14630000,-
1119,23640000,18960000,24220000,19360000,14680000,19940000,-
1120,38290000,33720000,-,20160000,15590000,-,-
1121,35470000,30690000,36130000,20360000,15580000,21020000,-
1122,34580000,29140000,35120000,22350000,16910000,22890000,-
1123,113100000,105270000,-,45190000,37360000,-,-
1124,80390000,72560000,-,44360000,36530000,-,-
1125,55660000,47730000,-,35330000,27390000,-,-
1126,63880000,56050000,-,36080000,28250000,-,-
1127,88400000,78640000,-,42910000,33160000,-,-
1128,82640000,74230000,-,46090000,37690000,-,-
1129,60860000,52220000,-,37060000,28420000,-,-
1130,127820000,117700000,-,47070000,36950000,-,-
1131,103050000,95290000,-,45040000,37280000,-,-
1132,72650000,63990000,-,38050000,29390000,-,-
1133,105100000,95910000,102700000,48010000,38820000,45610000,-
1134,95510000,84510000,-,50870000,39870000,-,-
1135,33360000,28760000,34030000,22420000,17820000,23100000,-
1136,65120000,57480000,63710000,33400000,25770000,32000000,-
1137,48830000,42250000,47650000,30140000,23560000,28960000,-
1138,44630000,40650000,45350000,18570000,14590000,19290000,-
1139,90440000,84250000,89390000,28500000,22320000,27450000,-
1140,44900000,35160000,43850000,29370000,19640000,28330000,-
1141,42910000,37590000,43540000,24490000,19170000,25120000,-
1142,116910000,106520000,-,53280000,42890000,-,-
1143,69320000,64140000,69960000,29430000,24250000,30070000,-
1144,103450000,94890000,102230000,34540000,25980000,33320000,-
1145,32490000,27980000,33170000,21740000,17220000,22420000,-
1146,45180000,38530000,43970000,30330000,23690000,29120000,-
1147,34800000,30210000,-,23510000,18920000,-,-
1148,36420000,31880000,-,23610000,19070000,-,-
1149,62170000,55770000,61040000,32120000,25720000,31000000,-
1150,47960000,40800000,-,33670000,26510000,-,-
1151,75840000,66980000,-,42230000,33370000,-,-
1152,45550000,38600000,44250000,32000000,25050000,30700000,-
1153,35450000,28800000,-,29710000,23070000,-,-
1154,42060000,37480000,-,22640000,18070000,-,-
1155,17720000,13050000,-,17720000,13050000,-,-
1156,19480000,13890000,19850000,17630000,12040000,18000000,-
1157,17800000,14010000,18010000,15960000,12160000,16160000,-
1158,16130000,11940000,16760000,16130000,11940000,16760000,-
1159,24340000,17800000,23180000,24340000,17800000,23180000,-
1160,12470000,8690000,13010000,11650000,7860000,12190000,-
1161,15580000,11530000,15890000,15580000,11530000,15890000,-
1162,24030000,16750000,24930000,22380000,15100000,23280000,-
1163,24080000,18360000,23300000,21690000,15970000,20910000,-
1164,29880000,21950000,29120000,24330000,16400000,23570000,-
1165,24760000,17470000,25680000,22430000,15140000,23350000,-
1166,21370000,14510000,22280000,21120000,14260000,22030000,-
1167,15360000,11390000,15670000,15360000,11390000,15670000,-
1168,15280000,12000000,16490000,15280000,12000000,16490000,-
1169,27410000,19080000,-,26460000,18130000,-,-
1170,33070000,25530000,32430000,23200000,15660000,22560000,-
1171,27070000,22630000,26720000,17200000,12750000,16850000,-
1172,45090000,36420000,44220000,28000000,19330000,27130000,-
1173,25380000,17000000,24470000,25380000,17000000,24470000,-
1174,30790000,22020000,29960000,27400000,18630000,26570000,-
1175,21000000,14160000,21860000,21000000,14160000,21860000,-
1176,31540000,21600000,30400000,30090000,20160000,28950000,-
1177,27290000,19050000,26500000,25230000,16990000,24440000,-
1178,26900000,19280000,27800000,24510000,16890000,25410000,-
1179,39120000,29280000,37310000,34170000,24330000,32350000,-
1180,22570000,15160000,23400000,22570000,15160000,23400000,-
1181,21520000,14760000,22400000,20840000,14070000,21710000,-
1182,24200000,17130000,25100000,21960000,14890000,22860000,-
1183,28720000,19140000,27530000,28720000,19140000,27530000,-
1184,31110000,21070000,29910000,30280000,20250000,29090000,-
1185,13660000,10420000,14140000,12920000,9680000,13400000,-
1186,20190000,14410000,21120000,19240000,13460000,20170000,-
1187,16030000,10910000,16870000,16030000,10910000,16870000,-
1188,23470000,16010000,24380000,23000000,15530000,23910000,-
1189,26180000,17880000,25300000,26180000,17880000,25300000,-
1190,20030000,15010000,20580000,20030000,15010000,20580000,-
1191,15000000,10220000,15810000,15000000,10220000,15810000,-
1192,21590000,14510000,22410000,21590000,14510000,22410000,-
1193,24300000,16750000,25200000,23210000,15660000,24110000,-
1194,27510000,18720000,26520000,27510000,18720000,26520000,-
1195,30470000,22220000,29730000,27080000,18840000,26340000,-
1196,22310000,15660000,23230000,20580000,13920000,21490000,-
1197,22740000,15760000,23640000,22560000,15580000,23450000,-
1198,25470000,17410000,24690000,24720000,16660000,23940000,-
1199,26990000,18720000,-,25640000,17370000,-,-
1200,22130000,14850000,22960000,22130000,14850000,22960000,-
1201,21440000,14430000,22260000,21440000,14430000,22260000,-
1202,22540000,16420000,-,20180000,14060000,-,-
1203,18400000,13550000,17790000,18400000,13550000,17790000,-
1204,22380000,15040000,23210000,22380000,15040000,23210000,-
1205,27630000,22940000,21590000,18010000,13330000,11970000,-
1206,21300000,15620000,21860000,21300000,15620000,21860000,-
1207,28950000,19980000,28000000,27220000,18250000,26260000,-
1208,45550000,37180000,44230000,32080000,23710000,30770000,-
1209,27750000,20520000,26390000,27750000,20520000,26390000,-
1210,31020000,21330000,-,30330000,20640000,-,-
1211,27100000,19400000,27990000,23630000,15940000,24520000,-
1212,36950000,28540000,35510000,30490000,22090000,29050000,-
1213,19570000,13210000,20430000,19570000,13210000,20430000,-
1214,27810000,19690000,27000000,25850000,17730000,25040000,-
1215,98680000,86390000,94290000,56590000,44310000,52210000,-
1216,101690000,75010000,98470000,101690000,75010000,98470000,-
1217,64880000,48590000,63310000,64050000,47770000,62490000,-
1218,67150000,52650000,63690000,57530000,43030000,54070000,-
1219,76450000,58210000,74590000,71350000,53110000,69490000,-
1220,91460000,71780000,89470000,78470000,58790000,76470000,-
1221,46520000,34760000,42880000,45700000,33930000,42060000,-
1222,97800000,80240000,96370000,69550000,51990000,68120000,-
1223,50240000,38440000,46610000,49150000,37340000,45510000,-
1224,61910000,49200000,60630000,57320000,44600000,56040000,-
1225,56730000,44010000,55370000,56730000,44010000,55370000,-
1226,44510000,36270000,42950000,43820000,35580000,42260000,-
1227,43630000,33470000,39670000,43300000,33150000,39350000,-
1228,37030000,30390000,35160000,36210000,29570000,34340000,-
1229,53260000,40120000,48720000,53260000,40120000,48720000,-
1230,133920000,120590000,129090000,61090000,47770000,56260000,-
1231,95090000,80770000,91770000,64120000,49800000,60800000,-
1232,72000000,60210000,69000000,57070000,45280000,54070000,-
1233,98260000,85230000,97010000,64240000,51210000,63000000,-
1234,78200000,66180000,75120000,57320000,45310000,54240000,-
1235,86040000,75010000,84830000,62890000,51860000,61680000,-
1236,74650000,61450000,69870000,59950000,46750000,55170000,-
1237,77750000,64970000,73030000,57080000,44300000,52350000,-
1238,92610000,78390000,89340000,59610000,45390000,56340000,-
1239,85110000,72370000,80550000,55100000,42360000,50540000,-
1240,59480000,49290000,57800000,44610000,34420000,42940000,-
1241,79390000,67800000,76450000,60210000,48620000,57270000,-
1242,54390000,46650000,53470000,43510000,35760000,42590000,-
1243,41010000,31710000,39010000,41010000,31710000,39010000,-
1244,69120000,58240000,66990000,53060000,42190000,50940000,-
1245,160670000,142700000,158940000,77330000,59360000,75600000,-
1246,100580000,85970000,97180000,63990000,49380000,60590000,-
1247,78270000,65170000,73530000,56250000,43160000,51510000,-
1248,76160000,60350000,74760000,64680000,48860000,63270000,-
1249,67700000,57530000,65500000,48430000,38260000,46230000,-
1250,43270000,32510000,39670000,43270000,32510000,39670000,-
1251,58960000,46890000,54670000,50010000,37950000,45730000,-
1252,64120000,52050000,59840000,51350000,39280000,47070000,-
1253,61850000,50400000,58970000,53440000,41990000,50560000,-
1254,62120000,50190000,59080000,58160000,46230000,55120000,-
1255,68630000,56600000,64370000,52300000,40270000,48040000,-
1256,50100000,39810000,47770000,46810000,36510000,44480000,-
1257,56270000,44840000,53390000,52790000,41350000,49910000,-
1258,88100000,78050000,85930000,49900000,39860000,47740000,-
1259,75090000,60150000,71590000,63140000,48200000,59640000,-
1260,49850000,38770000,46260000,45730000,34650000,42140000,-
1261,55740000,42530000,50950000,53470000,40250000,48680000,-
1262,92370000,78020000,89060000,61120000,46770000,57810000,-
1263,123520000,105970000,121860000,75180000,57630000,73520000,-
1264,145460000,117510000,142210000,110590000,82650000,107350000,-
1265,58310000,48120000,56100000,48030000,37850000,45820000,-
1266,90710000,74310000,89220000,69160000,52770000,67670000,-
1267,54880000,44590000,52640000,48060000,37770000,45820000,-
1268,63580000,52000000,59790000,49010000,37430000,45220000,-
1269,92870000,79740000,91610000,68170000,55030000,66910000,-
1270,90920000,80330000,88590000,52530000,41930000,50190000,-
1271,94320000,82520000,91350000,59510000,47710000,56540000,-
1272,52210000,41620000,50440000,44630000,34050000,42860000,-
1273,80800000,60620000,-,80800000,60620000,-,-
1274,90620000,76700000,88310000,59460000,45540000,57150000,-
1275,96960000,73520000,95170000,79440000,56000000,77650000,-
1276,73730000,55850000,72410000,65820000,47950000,64510000,-
1277,75360000,58740000,72100000,59120000,42500000,55860000,-
1278,188920000,169130000,187350000,73580000,53800000,72020000,-
1279,39430000,27060000,35330000,39430000,27060000,35330000,-
1280,68990000,53900000,64380000,57580000,42490000,52960000,-
1281,91850000,69920000,90240000,75000000,53070000,73390000,-
1282,129170000,101760000,126910000,89280000,61870000,87020000,-
1283,57540000,42820000,53770000,48440000,33720000,44670000,-
1284,60150000,45360000,56360000,51390000,36590000,47600000,-
1285,57650000,47080000,56100000,44360000,33790000,42810000,-
1286,78440000,66810000,75500000,54020000,42400000,51080000,-
1287,45610000,32210000,43250000,45610000,32210000,43250000,-
1288,54440000,42810000,51030000,44800000,33160000,41390000,-
1289,70070000,53980000,66940000,57640000,41550000,54510000,-
1290,45800000,35180000,44250000,41050000,30430000,39490000,-
1291,98060000,74260000,96230000,77100000,53300000,75270000,-
1292,84240000,64440000,82670000,69450000,49650000,67880000,-
1293,50070000,36890000,47920000,46260000,33090000,44120000,-
1294,92330000,70250000,90700000,71020000,48950000,69390000,-
1295,64460000,48010000,61250000,56530000,40070000,53310000,-
1296,104910000,90630000,100600000,54670000,40390000,50360000,-
1297,62590000,47290000,59670000,53630000,38330000,50710000,-
1298,122880000,109070000,120580000,56080000,42270000,53790000,-
1299,68660000,60960000,67010000,43880000,36180000,42230000,-
1300,47900000,33730000,43470000,47900000,33730000,43470000,-
1301,72010000,56140000,68940000,55810000,39940000,52740000,-
1302,99900000,84280000,98670000,64040000,48410000,62800000,-
1303,60390000,43380000,57030000,58110000,41110000,54760000,-
1304,78120000,60970000,74720000,61620000,44460000,58220000,-
1305,74340000,54640000,72790000,67260000,47560000,65710000,-
1306,103320000,88090000,98660000,56200000,40960000,51540000,-
1307,78590000,52600000,76320000,78590000,52600000,76320000,-
1308,92900000,77350000,89910000,60300000,44740000,57310000,-
1309,86200000,67780000,-,69660000,51250000,-,-
1310,88120000,64930000,-,77030000,53840000,-,-
1311,79610000,59880000,-,71710000,51980000,-,-
1312,92370000,75530000,89060000,61120000,44280000,57810000,-
1313,73080000,57010000,69960000,57240000,41170000,54120000,-
1314,149480000,127090000,147810000,70500000,48110000,68840000,-
1315,66420000,49120000,65170000,59760000,42460000,58520000,-
1316,59480000,44490000,54910000,52200000,37210000,47630000,-
1317,76050000,53320000,74340000,70560000,47830000,68850000,-
1318,63420000,48250000,58780000,53060000,37890000,48420000,-
1319,82990000,64930000,81640000,67610000,49550000,66270000,-
1320,70490000,48350000,68690000,70490000,48350000,68690000,-
1321,88690000,71260000,85230000,65440000,48010000,61980000,-
1322,71150000,55760000,66430000,54780000,39400000,50060000,-
1323,46290000,31520000,42340000,46290000,31520000,42340000,-
1324,83550000,66490000,80180000,60600000,43550000,57240000,-
1325,55440000,41580000,53140000,48580000,34720000,46270000,-
1326,68890000,49330000,67350000,66290000,46730000,64750000,-
1327,80550000,68750000,77070000,52810000,41010000,49330000,-
1328,80550000,68750000,77070000,52810000,41010000,49330000,-
1329,123420000,103870000,121880000,74200000,54650000,72660000,-
1330,180100000,166240000,177800000,56500000,42640000,54190000,-
1331,101120000,92100000,99100000,40710000,31690000,38690000,-
1332,120710000,105970000,-,67240000,52500000,-,-
1333,118530000,104110000,114170000,54250000,39830000,49890000,-
1334,99020000,81040000,-,65790000,47810000,-,-
1335,95990000,80390000,-,67030000,51420000,-,-
1336,84430000,69130000,79750000,54880000,39580000,50200000,-
1337,62540000,48580000,60210000,50720000,36750000,48380000,-
1338,62540000,48580000,60210000,50720000,36750000,48380000,-
1339,62950000,52820000,61500000,42070000,31940000,40620000,-
1340,89220000,73520000,86200000,63310000,47610000,60290000,-
1341,66540000,55910000,64980000,44820000,34180000,43260000,-
1342,95630000,80050000,92630000,57810000,42220000,54810000,-
1343,84980000,71020000,82650000,56620000,42670000,54300000,-
1344,84980000,71020000,82650000,56620000,42670000,54300000,-
1345,132660000,102170000,-,101230000,70730000,-,-
1346,71150000,55090000,-,60640000,44580000,-,-
1347,144350000,131380000,-,62570000,49600000,-,-
1348,63440000,49530000,60250000,56600000,42690000,53410000,-
1349,82880000,69680000,78100000,58810000,45600000,54030000,-
1350,98720000,85990000,97530000,62170000,49440000,60970000,-
1351,68010000,55840000,63690000,51770000,39600000,47450000,-
1352,64410000,52850000,60630000,52990000,41430000,49210000,-
1353,87010000,70820000,85550000,71250000,55060000,69790000,-
1354,80090000,65220000,76610000,65690000,50830000,62210000,-
1355,78910000,67140000,75910000,57210000,45440000,54210000,-
1356,77920000,64380000,76580000,61910000,48380000,60580000,-
1357,65230000,52190000,60520000,53720000,40680000,49010000,-
1358,10190000,8070000,-,9240000,7110000,-,-
1359,10270000,8210000,-,8940000,6880000,-,-
1360,10030000,8250000,-,8400000,6610000,-,-
1361,9600000,7460000,-,9280000,7140000,-,-
1362,10650000,8410000,-,9830000,7590000,-,-
1363,13440000,11650000,-,8720000,6930000,-,-
1364,23450000,20610000,-,13090000,10250000,-,-
1365,11530000,9170000,-,11210000,8840000,-,-
1366,12610000,9800000,-,12610000,9800000,-,-
1367,9320000,7390000,-,9320000,7390000,-,-
1368,18700000,15580000,-,15030000,11910000,-,-
1369,11330000,9720000,-,9320000,7710000,-,-
1370,11630000,9070000,-,11630000,9070000,-,-
1371,10180000,8130000,-,9190000,7140000,-,-
1372,11840000,10400000,-,8730000,7290000,-,-
1373,8710000,6670000,-,8330000,6290000,-,-
1374,7340000,5640000,-,7160000,5460000,-,-
1375,17800000,11680000,-,17590000,11480000,-,-
1376,18870000,14580000,-,18460000,14180000,-,-
1377,10130000,8050000,-,9920000,7840000,-,-
1378,14040000,10850000,-,13760000,10560000,-,-
1379,15510000,11750000,-,15510000,11750000,-,-
1380,11280000,8750000,-,10450000,7920000,-,-
1381,11280000,8720000,-,10450000,7890000,-,-
1382,11690000,9040000,-,10870000,8210000,-,-
1383,12100000,9320000,-,11280000,8500000,-,-
1384,13210000,10120000,-,12380000,9300000,-,-
1385,13040000,10030000,-,12220000,9200000,-,-
1386,13460000,10320000,-,12630000,9490000,-,-
1387,13870000,10610000,-,13040000,9780000,-,-
1388,11650000,9000000,-,10820000,8180000,-,-
1389,11810000,9100000,-,10990000,8280000,-,-
1390,12180000,9390000,-,11360000,8560000,-,-
1391,12470000,9610000,-,11650000,8790000,-,-
1392,11500000,8500000,-,9800000,6600000,-,-
1393,9900000,6800000,-,9900000,6800000,-,-
1394,525850000,410340000,509300000,430500000,314990000,413960000,-
1395,52130000,45570000,50960000,25830000,19280000,24660000,-
1396,1585370000,1546000000,1580390000,153680000,114300000,148690000,-
1397,1107950000,1054280000,1100810000,209020000,155340000,201870000,-
1398,43900000,35670000,-,39140000,30910000,-,-
1399,6480000,5000000,-,6290000,4820000,-,-
1400,14650000,10430000,-,14400000,10180000,-,-
1401,15120000,10780000,-,14750000,10410000,-,-
1402,5580000,-,-,-,-,-,-
1403,7480000,5580000,-,-,-,-,-
1404,175730000,168670000,-,40640000,33580000,-,-
1405,253390000,236520000,-,79110000,62240000,-,-
1406,136570000,123850000,-,59930000,47210000,-,-
1407,101310000,94130000,-,40690000,33500000,-,-
1408,444380000,432120000,-,62380000,50130000,-,-
1409,775010000,758520000,-,83620000,67140000,-,-
1410,56970000,44350000,-,56970000,44350000,-,-
1411,459560000,446320000,-,70320000,57080000,-,-
1412,44470000,35510000,-,44470000,35510000,-,-
1413,580020000,570030000,-,54030000,44050000,-,-
1414,70700000,54630000,-,70700000,54630000,-,-
1415,60980000,48860000,-,60980000,48860000,-,-
1416,92590000,70510000,-,92590000,70510000,-,-
1417,197390000,169880000,-,123880000,96380000,-,-
1418,85930000,63760000,-,85930000,63760000,-,-
1419,97310000,81720000,-,67000000,51410000,-,-
1420,157150000,139760000,-,79430000,62040000,-,-
1421,159660000,146330000,-,60370000,47050000,-,-
1422,63930000,55160000,-,45370000,36600000,-,-
1423,23930000,21930000,-,17750000,15750000,-,-
1424,38240000,34300000,-,25480000,21540000,-,-
1425,31590000,29830000,-,16620000,14860000,-,-
1426,23680000,21730000,-,17480000,15520000,-,-
1427,21720000,19640000,-,18290000,16200000,-,-
1428,237090000,214240000,-,98160000,75310000,-,-
1429,310320000,284810000,-,141090000,115590000,-,-
1430,106700000,86010000,-,87920000,67220000,-,-
1431,127960000,104580000,-,97280000,73900000,-,-
1432,83480000,70000000,-,67360000,53890000,-,-
1433,94430000,78200000,-,71630000,55400000,-,-
1434,4080000,3680000,-,3380000,2980000,-,-
1435,6380000,5280000,-,5680000,4580000,-,-
1436,223400000,194100000,-,119930000,90630000,-,-
1437,195820000,163470000,-,132290000,99940000,-,-
1438,218580000,199480000,-,82680000,63580000,-,-
1439,212800000,193700000,-,82680000,63580000,-,-
1440,-,-,-,-,-,-,-
1441,-,-,-,-,-,-,-
1442,-,-,-,-,-,-,-
1443,-,-,-,-,-,-,-
1444,9380000,6870000,-,8880000,6380000,-,4680000
1445,10680000,7420000,-,10680000,7420000,-,5180000
1446,19870000,16390000,-,12740000,9260000,-,6860000
1447,14340000,10160000,-,13660000,9470000,-,6630000
1448,12440000,9410000,-,10530000,7500000,-,5450000
1449,11330000,8110000,-,10850000,7630000,-,5460000
1450,21380000,18140000,-,12350000,9110000,-,6910000
1451,12770000,9510000,-,11120000,7860000,-,5610000
1452,14990000,11540000,-,11700000,8250000,-,5910000
1453,11910000,8670000,-,10820000,7580000,-,5350000
1454,11660000,8330000,-,11100000,7760000,-,5490000
1455,13490000,9410000,-,13210000,9130000,-,6340000
1456,13440000,9650000,-,12490000,8700000,-,6080000
1457,11810000,8150000,-,11810000,8150000,-,5650000
1458,21960000,17760000,-,15170000,10960000,-,8070000
1459,17750000,12500000,-,16700000,11460000,-,7880000
1460,11910000,8610000,-,10960000,7660000,-,5450000
1461,18470000,13450000,-,16010000,11000000,-,7580000
1462,11920000,9100000,-,10020000,7200000,-,5290000
1463,12400000,8530000,-,12400000,8530000,-,5890000
1464,19070000,15710000,-,12940000,9580000,-,7290000
1465,12050000,8300000,-,12050000,8300000,-,5760000
1466,10930000,7950000,-,10360000,7390000,-,5310000
1467,14500000,10320000,-,13750000,9570000,-,6700000
1468,23190000,19720000,-,12550000,9080000,-,6700000
1469,14050000,10460000,-,11910000,8320000,-,5830000
1470,27970000,23850000,-,15450000,11340000,-,8490000
1471,25430000,20470000,-,15810000,10860000,-,7830000
1472,21070000,17240000,-,13870000,10030000,-,7460000
1473,29220000,25650000,-,13370000,9810000,-,7380000
1474,20060000,14290000,-,19560000,13800000,-,9860000
1475,34210000,26550000,-,26400000,18730000,-,13490000
1476,23770000,17520000,-,21380000,15130000,-,10910000
1477,34150000,27650000,-,23470000,16970000,-,12520000
1478,26900000,20210000,-,22520000,15830000,-,11260000
1479,25150000,17740000,-,24310000,16890000,-,11830000
1480,25250000,17800000,-,24300000,16850000,-,11730000
1481,39710000,30260000,-,31870000,22420000,-,15950000
1482,30380000,22060000,-,26970000,18660000,-,13030000
1483,24320000,17630000,-,22420000,15730000,-,11180000
1484,31120000,24010000,-,24990000,17880000,-,13050000
1485,25430000,18270000,-,24110000,16960000,-,12010000
1486,37240000,30180000,-,24460000,17400000,-,12530000
1487,53400000,44320000,-,31260000,22200000,-,16320000
1488,50290000,42890000,-,27240000,19840000,-,14840000
1489,20040000,16060000,-,13470000,9490000,-,6760000
1490,16080000,10910000,-,16080000,10910000,-,7420000
1491,34520000,30530000,-,14120000,10130000,-,7390000
1492,37780000,33050000,-,16410000,11680000,-,8420000
1493,15740000,11240000,-,14420000,9920000,-,6830000
1494,15790000,10750000,-,15790000,10750000,-,7290000
1495,21320000,17240000,-,14890000,10810000,-,8020000
1496,22890000,18240000,-,16440000,11790000,-,8560000
1497,15190000,11330000,-,12810000,8950000,-,6310000
1498,17730000,12380000,-,16910000,11550000,-,7880000
1499,20910000,17040000,-,14300000,10420000,-,7780000
1500,23610000,18880000,-,16750000,12010000,-,8760000
1501,12500000,9540000,-,10200000,7240000,-,5210000
1502,14170000,9680000,-,14170000,9680000,-,6630000
1503,13290000,9750000,-,11850000,8310000,-,5900000
1504,14810000,10600000,-,13860000,9640000,-,6740000
1505,13900000,10350000,-,12120000,8570000,-,6130000
1506,14610000,9990000,-,14610000,9990000,-,6820000
1507,10830000,7830000,-,10170000,7160000,-,5130000
1508,13130000,8990000,-,13130000,8990000,-,6200000
1509,13170000,9880000,-,11030000,7740000,-,5470000
1510,15140000,10780000,-,14090000,9730000,-,6790000
1511,8670000,6270000,-,8390000,5990000,-,4350000
1512,10870000,7580000,-,10870000,7580000,-,5290000
1513,19730000,15330000,-,14530000,10130000,-,7110000
1514,14890000,10900000,-,13150000,9170000,-,6420000
1515,13710000,10160000,-,11860000,8310000,-,5890000
1516,22010000,17550000,-,14460000,10000000,-,6970000
1517,13300000,10280000,-,10500000,7480000,-,5430000
1518,11300000,7860000,-,11300000,7860000,-,5540000
1519,18140000,14510000,-,13400000,9780000,-,7330000
1520,22230000,17590000,-,16670000,12030000,-,8820000
1521,20120000,16240000,-,13870000,9990000,-,7330000
1522,14950000,10220000,-,14950000,10220000,-,6960000
1523,18660000,13190000,-,17350000,11880000,-,8120000
1524,19430000,13090000,-,19430000,13090000,-,8790000
1525,14860000,10860000,-,13280000,9280000,-,6530000
1526,17450000,11880000,-,17450000,11880000,-,8080000
1527,11550000,8020000,-,11550000,8020000,-,5620000
1528,14840000,10160000,-,14840000,10160000,-,6980000
1529,13340000,9480000,-,12620000,8760000,-,6120000
1530,19180000,14570000,-,14810000,10200000,-,7040000
1531,12940000,9290000,-,12180000,8530000,-,6030000
1532,14890000,10200000,-,14890000,10200000,-,7010000
1533,17550000,12570000,-,16080000,11100000,-,7720000
1534,18920000,13080000,-,18230000,12390000,-,8420000
1535,14250000,10480000,-,12970000,9200000,-,6640000
1536,18260000,12520000,-,18070000,12340000,-,8430000
1537,26670000,19220000,-,24370000,16920000,-,11840000
1538,28510000,20340000,-,26730000,18560000,-,12950000
1539,23960000,16820000,-,23300000,16150000,-,11330000
1540,36120000,26970000,-,29550000,20400000,-,14180000
1541,28310000,20660000,-,25120000,17470000,-,12260000
1542,19540000,13850000,-,19260000,13570000,-,9640000
1543,31530000,21990000,-,30210000,20670000,-,14120000
1544,44210000,35480000,-,31330000,22600000,-,16580000
1545,44520000,35920000,-,31050000,22430000,-,16540000
1546,28100000,20350000,-,25710000,17950000,-,12640000
1547,32920000,23710000,-,29720000,20500000,-,14190000
1548,72300000,63580000,-,30530000,21810000,-,15810000
1549,24600000,18140000,-,21800000,15340000,-,10970000
1550,34620000,26230000,-,27680000,19300000,-,13530000
1551,40370000,32100000,-,30070000,21810000,-,16150000
1552,35070000,26460000,-,28820000,20210000,-,14290000
1553,38090000,26280000,-,36780000,24970000,-,16910000
1554,36470000,25650000,-,34310000,23490000,-,16140000
1555,32310000,22740000,-,30730000,21160000,-,14610000
1556,26390000,18180000,-,26390000,18180000,-,12600000
1557,32520000,24050000,-,27430000,18960000,-,13160000
1558,27830000,19490000,-,27070000,18730000,-,13040000
1559,32510000,23000000,-,31040000,21540000,-,15070000
1560,35720000,27710000,-,26320000,18310000,-,12860000
1561,,,,,,,
1562,,,,,,,
1563,,,,,,,
1564,,,,,,,